gr_liv_area,ms_sub_class,ms_zoning,lot_frontage,lot_area,alley,lot_shape,land_contour,lot_config,land_slope,neighborhood,bldg_type,house_style,overall_qual,overall_cond,roof_style,exterior1st,mas_vnr_type,mas_vnr_area,exter_qual,exter_cond,foundation,bsmt_qual,bsmt_cond,bsmt_exposure,bsmt_fin_type1,bsmt_fin_sf1,bsmt_fin_type2,bsmt_fin_sf2,bsmt_unf_sf,total_bsmt_sf,heating_qc,central_air,electrical,1st_flr_sf,2nd_flr_sf,low_qual_fin_sf,bsmt_full_bath,bsmt_half_bath,full_bath,half_bath,bedroom_abv_gr,kitchen_abv_gr,kitchen_qual,tot_rms_abv_grd,functional,fireplaces,fireplace_qu,garage_type,garage_finish,garage_cars,garage_area,garage_qual,garage_cond,paved_drive,wood_deck_sf,open_porch_sf,enclosed_porch,3_ssn_porch,screen_porch,pool_area,fence,misc_feature,misc_val,mo_sold,yr_sold,sale_type,sale_condition,near_rr,near_main_rd,near_pos,house_age_at_sale,construction_age_at_sale,sales_price_predict
1452,85,RL,75.0,11235,NA,Reg,Lvl,Inside,Gtl,Sawyer,1Fam,SFoyer,5,5,Gable,HdBoard,BrkFace,30.0,TA,TA,CBlock,Gd,TA,Av,BLQ,785.0,Unf,0.0,635.0,1420.0,Gd,1,SBrkr,1452,0,0,1.0,0.0,1,0,2,1,TA,6,Min2,1,TA,Detchd,Unf,2.0,572.0,TA,TA,Y,92,0,88,0,0,0,NA,NA,0,11,2007,WD ,Normal,0,0,0,43,27,152368.33944982
1378,50,RM,68.0,4080,Grvl,Reg,Lvl,Inside,Gtl,OldTown,1Fam,1.5Fin,6,8,Gable,Wd Sdng,None,0.0,TA,TA,PConc,TA,TA,No,Unf,0.0,Unf,0.0,901.0,901.0,Gd,1,SBrkr,861,517,0,0.0,0.0,1,0,3,1,Gd,6,Typ,0,NA,Detchd,Unf,1.0,162.0,Fa,Fa,P,54,0,40,0,0,0,NA,NA,0,6,2009,WD ,Normal,0,0,0,74,11,128849.60204867524
846,30,RL,60.0,10800,Grvl,Reg,Lvl,Inside,Gtl,OldTown,1Fam,1Story,5,7,Gable,Wd Sdng,None,0.0,TA,TA,BrkTil,TA,TA,No,Unf,0.0,Unf,0.0,720.0,720.0,TA,0,SBrkr,846,0,0,0.0,0.0,1,0,2,1,Gd,4,Typ,0,NA,Detchd,Fin,2.0,576.0,TA,TA,N,0,0,0,0,0,0,NA,NA,0,6,2009,WD ,Normal,0,0,0,89,59,98678.25544168788
1626,160,RL,36.0,2628,NA,Reg,Lvl,Inside,Gtl,NridgHt,Twnhs,2Story,7,5,Gable,VinylSd,Stone,106.0,Gd,TA,PConc,Gd,TA,No,Unf,0.0,Unf,0.0,764.0,764.0,Ex,1,SBrkr,764,862,0,0.0,0.0,2,1,2,1,Gd,6,Typ,0,NA,BuiltIn,RFn,2.0,474.0,TA,TA,Y,0,27,0,0,0,0,NA,NA,0,6,2010,WD ,Normal,0,0,0,7,7,160288.915803301
1902,20,RL,100.0,17500,NA,Reg,Lvl,Inside,Gtl,Crawfor,1Fam,1Story,7,8,Gable,BrkFace,None,0.0,Gd,Gd,PConc,Gd,TA,Av,GLQ,1406.0,Unf,0.0,496.0,1902.0,TA,1,SBrkr,1902,0,0,1.0,0.0,2,0,3,1,Ex,7,Typ,2,TA,Attchd,Fin,2.0,567.0,TA,TA,Y,0,207,162,0,0,0,NA,NA,0,5,2010,WD ,Normal,0,0,1,51,8,309466.15312412335
788,120,RL,30.0,4420,NA,IR1,Lvl,CulDSac,Gtl,Greens,TwnhsE,1Story,8,5,Gable,Wd Sdng,None,0.0,Gd,TA,CBlock,Gd,TA,Gd,GLQ,728.0,Unf,0.0,0.0,728.0,TA,1,SBrkr,788,0,0,1.0,0.0,1,0,1,1,Gd,3,Typ,1,TA,Detchd,Fin,2.0,484.0,TA,TA,Y,133,42,0,0,0,0,NA,NA,0,6,2010,WD ,Normal,0,0,0,30,30,150479.78824002625
2152,60,RL,134.0,16659,NA,IR1,Lvl,Corner,Gtl,NridgHt,1Fam,2Story,8,5,Gable,VinylSd,None,0.0,Gd,TA,PConc,Gd,TA,No,Unf,0.0,Unf,0.0,1582.0,1582.0,Ex,1,SBrkr,1582,570,0,0.0,0.0,2,1,3,1,Gd,7,Typ,1,Gd,Detchd,Unf,2.0,728.0,TA,TA,Y,0,368,0,0,0,0,NA,NA,0,6,2007,New,Partial,0,0,0,0,-1,305095.1484969188
1224,90,RL,65.0,10899,NA,IR1,Lvl,Inside,Gtl,NAmes,Duplex,1Story,4,5,Gable,HdBoard,None,0.0,TA,TA,Slab,NA,NA,NA,NA,0.0,NA,0.0,0.0,0.0,TA,0,SBrkr,1224,0,0,0.0,0.0,2,0,2,2,TA,8,Typ,0,NA,CarPort,Unf,3.0,530.0,TA,TA,Y,0,0,0,0,0,0,NA,NA,0,4,2007,WD ,Normal,0,0,0,43,43,106531.23565456177
893,45,RL,60.0,9600,NA,Reg,Lvl,Inside,Gtl,NAmes,1Fam,1.5Unf,5,7,Gable,MetalSd,None,0.0,TA,TA,CBlock,TA,TA,No,ALQ,220.0,Unf,0.0,625.0,845.0,TA,1,SBrkr,893,0,0,0.0,1.0,1,0,2,1,Gd,4,Typ,0,NA,Detchd,Unf,2.0,576.0,TA,TA,Y,0,0,0,0,0,0,NA,NA,0,5,2007,WD ,Normal,0,0,0,58,4,127897.93084190291
2223,20,RL,95.0,13651,NA,IR1,Lvl,Inside,Gtl,NAmes,1Fam,1Story,7,6,Gable,Plywood,BrkFace,1115.0,TA,Gd,CBlock,Gd,TA,Gd,ALQ,1880.0,Unf,0.0,343.0,2223.0,Ex,1,SBrkr,2223,0,0,1.0,0.0,2,0,3,1,TA,8,Typ,2,Gd,Attchd,Fin,2.0,516.0,TA,TA,Y,300,0,0,0,0,0,NA,NA,0,2,2007,WD ,Normal,0,0,0,34,34,273673.4231201467
1037,20,RL,44.0,10751,NA,IR1,Lvl,CulDSac,Gtl,Sawyer,1Fam,1Story,5,5,Gable,Plywood,BrkFace,44.0,TA,TA,CBlock,Fa,TA,Gd,ALQ,787.0,Unf,0.0,250.0,1037.0,TA,1,SBrkr,1037,0,0,1.0,0.0,1,0,2,1,TA,5,Typ,0,NA,Attchd,RFn,2.0,431.0,TA,TA,Y,136,47,0,0,0,0,NA,NA,0,8,2007,WD ,Normal,1,0,0,33,33,137965.45355382774
1680,70,RL,63.0,15576,NA,Reg,Lvl,Inside,Gtl,Crawfor,1Fam,2Story,6,7,Gable,Wd Sdng,None,0.0,TA,TA,BrkTil,Gd,TA,No,Unf,0.0,Unf,0.0,840.0,840.0,Ex,1,SBrkr,840,840,0,0.0,0.0,2,0,4,1,TA,8,Typ,0,NA,Attchd,Unf,1.0,308.0,TA,TA,Y,0,0,160,0,0,0,NA,NA,0,3,2008,WD ,Normal,0,0,0,93,32,167972.86281731908
934,80,RL,80.0,10366,NA,IR1,Lvl,Corner,Gtl,Sawyer,1Fam,SLvl,6,7,Gable,HdBoard,None,0.0,TA,Gd,CBlock,TA,TA,Av,GLQ,456.0,Unf,0.0,456.0,912.0,TA,1,SBrkr,934,0,0,0.0,1.0,1,0,2,1,TA,4,Typ,0,NA,Attchd,Unf,1.0,336.0,TA,TA,Y,77,0,0,0,0,0,GdPrv,Shed,500,7,2006,WD ,Normal,0,0,0,42,42,142625.4569847846
2385,60,RL,110.0,14277,NA,Reg,Lvl,Inside,Gtl,NridgHt,1Fam,2Story,8,5,Gable,VinylSd,BrkFace,280.0,Gd,TA,PConc,Ex,TA,Mn,GLQ,938.0,Unf,0.0,379.0,1317.0,Ex,1,SBrkr,1217,1168,0,1.0,0.0,2,1,3,1,Gd,7,Typ,1,Gd,Attchd,Fin,3.0,818.0,TA,TA,Y,192,228,0,0,0,0,NA,NA,0,1,2007,WD ,Normal,0,0,0,4,4,320922.7464836034
1522,20,RL,80.0,11075,NA,Reg,Lvl,Corner,Gtl,ClearCr,1Fam,1Story,6,5,Hip,Wd Sdng,BrkFace,136.0,TA,TA,PConc,Gd,TA,No,BLQ,299.0,LwQ,891.0,0.0,1190.0,Ex,1,SBrkr,1522,0,0,0.0,0.0,2,0,3,1,TA,7,Typ,1,TA,Attchd,Fin,2.0,552.0,TA,TA,Y,0,77,0,0,168,0,GdPrv,NA,0,2,2007,WD ,Normal,0,0,0,23,23,187697.2107817842
732,20,RL,60.0,7200,NA,Reg,Lvl,Corner,Gtl,NAmes,1Fam,1Story,5,7,Gable,MetalSd,None,0.0,TA,Gd,CBlock,TA,Gd,No,ALQ,630.0,BLQ,102.0,0.0,732.0,TA,1,SBrkr,732,0,0,1.0,0.0,1,0,2,1,TA,4,Typ,0,NA,Detchd,Unf,1.0,240.0,TA,TA,Y,0,68,0,0,0,0,NA,NA,0,9,2009,WD ,Normal,0,0,0,57,57,112207.33532555663
1179,20,RL,80.0,8240,NA,Reg,Lvl,Inside,Gtl,Edwards,1Fam,1Story,6,6,Hip,HdBoard,Stone,198.0,TA,TA,CBlock,TA,TA,No,Unf,0.0,Unf,0.0,1179.0,1179.0,Gd,1,SBrkr,1179,0,0,0.0,0.0,1,0,2,1,TA,5,Min2,0,NA,Attchd,Fin,2.0,622.0,TA,TA,P,0,0,0,0,0,0,GdPrv,NA,0,6,2007,WD ,Normal,0,0,0,47,47,134311.85321928246
1312,20,RL,65.0,6718,NA,IR1,Lvl,Inside,Gtl,Timber,1Fam,1Story,8,5,Gable,VinylSd,BrkFace,86.0,Gd,TA,PConc,Ex,TA,Mn,GLQ,250.0,Unf,0.0,1017.0,1267.0,Ex,1,SBrkr,1312,0,0,0.0,0.0,2,0,2,1,Gd,5,Typ,0,NA,Attchd,Unf,2.0,471.0,TA,TA,Y,256,28,0,0,0,0,NA,NA,0,1,2007,WD ,Normal,0,0,0,6,6,199719.1166001216
1680,90,RL,80.0,11500,NA,IR1,Lvl,Corner,Gtl,NWAmes,Duplex,1Story,5,6,Gable,VinylSd,BrkFace,164.0,TA,TA,CBlock,TA,TA,No,Unf,0.0,Unf,0.0,1680.0,1680.0,Fa,1,SBrkr,1680,0,0,0.0,0.0,2,0,4,2,TA,8,Typ,0,NA,Detchd,Unf,2.0,528.0,TA,TA,Y,0,0,0,0,0,0,NA,NA,0,6,2007,WD ,Normal,1,1,0,31,31,137730.71536595968
1540,50,RL,55.0,7150,NA,Reg,Lvl,Inside,Gtl,NAmes,1Fam,1.5Fin,4,4,Gable,MetalSd,None,0.0,TA,TA,PConc,TA,TA,No,Rec,150.0,Unf,0.0,1040.0,1190.0,Gd,1,SBrkr,1040,500,0,1.0,0.0,1,0,4,1,Fa,7,Typ,0,NA,Detchd,Unf,1.0,352.0,TA,TA,Y,0,0,0,0,0,0,NA,NA,0,8,2007,WD ,Normal,0,0,0,52,52,114178.25508657836
1740,50,RM,81.0,7308,NA,Reg,Lvl,Corner,Gtl,OldTown,1Fam,1.5Fin,5,5,Gable,WdShing,None,0.0,Fa,Fa,BrkTil,TA,TA,No,Rec,360.0,Unf,0.0,576.0,936.0,Gd,0,FuseA,960,780,0,0.0,0.0,1,0,2,1,Ex,6,Typ,1,Gd,Detchd,Unf,1.0,225.0,Fa,Fa,N,0,0,236,0,0,0,NA,NA,0,6,2008,WD ,Normal,0,1,0,88,58,123019.533269066
792,30,RL,52.0,9022,NA,Reg,Lvl,Inside,Gtl,OldTown,1Fam,1Story,5,8,Gable,VinylSd,None,0.0,Gd,TA,BrkTil,TA,TA,No,Unf,0.0,Unf,0.0,768.0,768.0,Ex,1,SBrkr,792,0,0,0.0,0.0,1,0,2,1,Gd,5,Typ,0,NA,Detchd,Unf,1.0,240.0,Fa,Fa,N,316,0,120,0,0,0,NA,NA,0,5,2009,WD ,Normal,0,0,0,85,3,109669.36583804974
864,20,RL,70.0,7000,NA,Reg,Lvl,Inside,Gtl,NAmes,1Fam,1Story,5,6,Gable,Wd Sdng,None,0.0,TA,TA,CBlock,TA,TA,No,BLQ,468.0,Unf,0.0,396.0,864.0,Gd,1,SBrkr,864,0,0,0.0,1.0,1,0,3,1,TA,5,Typ,0,NA,Attchd,Unf,1.0,336.0,TA,TA,Y,0,0,0,0,0,0,GdWo,NA,0,2,2006,WD ,Normal,0,1,0,44,44,115132.7145981136
2340,70,RL,66.0,9042,NA,Reg,Lvl,Inside,Gtl,Crawfor,1Fam,2Story,7,9,Gable,CemntBd,None,0.0,Ex,Gd,Stone,TA,Gd,No,GLQ,275.0,Unf,0.0,877.0,1152.0,Ex,1,SBrkr,1188,1152,0,0.0,0.0,2,0,4,1,Gd,9,Typ,2,Gd,Attchd,RFn,1.0,252.0,TA,TA,Y,0,60,0,0,0,0,GdPrv,Shed,2500,5,2010,WD ,Normal,0,0,0,69,4,244484.16676541814
1358,20,RL,80.0,11088,NA,Reg,Lvl,Corner,Gtl,CollgCr,1Fam,1Story,8,5,Hip,Stucco,None,0.0,Gd,TA,PConc,Gd,TA,No,GLQ,872.0,Unf,0.0,476.0,1348.0,Ex,1,SBrkr,1358,0,0,1.0,0.0,1,1,1,1,Gd,5,Typ,1,TA,Attchd,Unf,2.0,418.0,TA,TA,Y,68,166,0,0,0,0,NA,NA,0,6,2006,WD ,Normal,0,0,0,4,4,216589.46686835634
1630,60,RL,62.0,7984,NA,IR1,Lvl,Inside,Gtl,Gilbert,1Fam,2Story,7,5,Gable,VinylSd,BrkFace,200.0,Gd,TA,PConc,Gd,TA,No,Unf,0.0,Unf,0.0,868.0,868.0,Ex,1,SBrkr,868,762,0,0.0,0.0,2,1,3,1,Gd,7,Typ,1,Gd,BuiltIn,Fin,2.0,436.0,TA,TA,Y,120,48,0,0,0,0,NA,NA,0,9,2009,WD ,Normal,0,0,0,5,4,192153.34297236343
1740,20,RL,110.0,15417,NA,Reg,Lvl,Inside,Gtl,Veenker,1Fam,1Story,7,5,Gable,BrkFace,None,0.0,Gd,TA,CBlock,Gd,TA,Mn,LwQ,121.0,Unf,0.0,1619.0,1740.0,TA,1,SBrkr,1740,0,0,0.0,0.0,1,1,2,1,Gd,7,Typ,0,NA,Attchd,RFn,2.0,540.0,TA,TA,Y,228,20,218,0,0,0,NA,NA,0,6,2009,WD ,Normal,0,0,0,28,28,201214.9933285583
1419,120,RH,26.0,8773,NA,IR2,Lvl,FR2,Gtl,NAmes,TwnhsE,1Story,6,5,Gable,MetalSd,None,0.0,Gd,TA,PConc,Gd,TA,No,GLQ,951.0,Unf,0.0,536.0,1487.0,Ex,1,SBrkr,1419,0,0,1.0,0.0,2,0,2,1,Gd,4,Typ,0,NA,Attchd,Fin,2.0,543.0,TA,TA,Y,196,68,0,0,0,0,NA,NA,0,9,2006,WD ,Normal,0,0,0,4,4,188704.5935036414
2034,60,RL,65.0,9375,NA,Reg,Lvl,Inside,Gtl,CollgCr,1Fam,2Story,7,5,Gable,VinylSd,BrkFace,573.0,TA,TA,PConc,Gd,TA,No,GLQ,739.0,Unf,0.0,318.0,1057.0,Ex,1,SBrkr,1057,977,0,1.0,0.0,2,1,3,1,Gd,8,Typ,0,NA,Attchd,RFn,2.0,645.0,TA,TA,Y,576,36,0,0,0,0,GdPrv,NA,0,2,2009,WD ,Normal,0,0,0,12,11,227723.68367672703
1200,90,RL,60.0,10800,NA,Reg,Lvl,Inside,Gtl,Edwards,Duplex,1Story,5,5,Gable,Plywood,None,0.0,TA,TA,CBlock,Gd,Gd,Gd,GLQ,1200.0,Unf,0.0,0.0,1200.0,TA,1,SBrkr,1200,0,0,3.0,0.0,3,0,3,1,TA,5,Typ,0,NA,NA,NA,0.0,0.0,NA,NA,Y,120,0,0,0,0,0,NA,NA,0,3,2009,WD ,Alloca,0,0,0,22,21,126247.86844286775
1836,20,RL,70.0,9100,NA,Reg,Lvl,Inside,Gtl,CollgCr,1Fam,1Story,7,5,Hip,VinylSd,None,0.0,Gd,TA,PConc,Gd,TA,No,GLQ,24.0,Unf,0.0,1836.0,1860.0,Ex,1,SBrkr,1836,0,0,0.0,0.0,2,0,3,1,Gd,8,Typ,1,Gd,Attchd,Fin,2.0,484.0,TA,TA,Y,120,33,0,0,0,0,NA,NA,0,10,2006,WD ,Normal,0,0,0,2,1,227792.030984202
1453,50,RM,53.0,6360,NA,Reg,Lvl,Corner,Gtl,BrkSide,1Fam,1.5Fin,5,6,Gable,MetalSd,Stone,300.0,TA,TA,CBlock,TA,TA,No,Rec,360.0,LwQ,159.0,316.0,835.0,TA,1,FuseA,955,498,0,0.0,0.0,1,1,3,1,Gd,7,Min2,2,Fa,Detchd,Unf,1.0,240.0,TA,TA,Y,0,0,35,0,148,0,NA,NA,0,3,2010,WD ,Normal,0,1,0,68,60,129926.12993737891
1652,90,RL,80.0,11836,NA,IR1,Lvl,Corner,Gtl,Mitchel,Duplex,1Story,5,5,Gable,Plywood,None,0.0,TA,TA,CBlock,TA,TA,No,BLQ,149.0,Unf,0.0,1503.0,1652.0,TA,1,SBrkr,1652,0,0,0.0,0.0,2,0,4,2,TA,8,Typ,0,NA,2Types,Unf,3.0,928.0,TA,TA,Y,0,0,0,0,0,0,NA,NA,0,3,2006,WD ,Normal,0,0,0,36,36,151035.85263158436
1146,80,RL,83.0,10184,NA,Reg,Lvl,Inside,Gtl,NAmes,1Fam,SLvl,6,5,Gable,HdBoard,BrkFace,379.0,TA,TA,CBlock,TA,TA,Av,ALQ,580.0,Unf,0.0,503.0,1083.0,TA,1,SBrkr,1146,0,0,0.0,1.0,1,0,3,1,TA,6,Typ,1,Gd,Attchd,Unf,1.0,294.0,TA,TA,Y,345,75,0,0,0,0,NA,NA,0,6,2006,WD ,Normal,0,0,0,43,43,153979.68872716275
1668,50,RL,80.0,9600,NA,Reg,Lvl,Inside,Gtl,NAmes,1Fam,1.5Fin,6,8,Gable,VinylSd,None,0.0,TA,Gd,CBlock,TA,TA,No,BLQ,120.0,Unf,0.0,736.0,856.0,Ex,1,SBrkr,1112,556,0,0.0,0.0,1,1,3,1,TA,6,Min2,0,NA,Attchd,Unf,1.0,271.0,TA,TA,Y,0,0,0,0,0,0,MnPrv,NA,0,9,2009,WD ,Normal,0,0,0,59,4,151942.73029782873
1968,60,RL,65.0,11075,NA,IR1,Lvl,Inside,Mod,Mitchel,1Fam,2Story,5,4,Gable,HdBoard,BrkFace,232.0,TA,TA,CBlock,TA,TA,Av,ALQ,562.0,LwQ,193.0,29.0,784.0,Ex,1,SBrkr,1168,800,0,0.0,1.0,2,1,4,1,TA,7,Min2,1,Po,Attchd,RFn,2.0,530.0,TA,TA,Y,305,189,0,0,0,0,MnPrv,Shed,400,9,2008,WD ,Normal,0,0,0,39,39,166457.75309731724
1039,190,RL,75.0,11625,NA,Reg,Lvl,Inside,Gtl,Sawyer,2fmCon,1Story,5,4,Hip,Plywood,None,0.0,TA,TA,PConc,TA,TA,Mn,BLQ,841.0,Unf,0.0,198.0,1039.0,Ex,1,SBrkr,1039,0,0,1.0,0.0,1,1,3,1,TA,6,Typ,0,NA,Attchd,Unf,2.0,504.0,TA,TA,Y,0,0,0,0,0,0,NA,NA,0,4,2010,WD ,Normal,0,0,0,45,45,125572.69152674427
1734,120,RL,57.0,8013,NA,IR1,Lvl,Corner,Gtl,StoneBr,TwnhsE,1Story,8,5,Gable,CemntBd,None,0.0,Gd,TA,PConc,Gd,TA,No,GLQ,741.0,Unf,0.0,846.0,1587.0,Ex,1,SBrkr,1734,0,0,1.0,0.0,2,0,2,1,Gd,6,Typ,0,NA,Attchd,RFn,2.0,528.0,TA,TA,Y,52,50,0,0,0,0,NA,NA,0,9,2009,WD ,Normal,0,0,0,14,13,234892.053872719
2037,80,RL,85.0,10541,NA,IR1,Lvl,Corner,Gtl,SawyerW,1Fam,SLvl,7,5,Gable,VinylSd,None,0.0,Gd,TA,PConc,Gd,TA,Av,Unf,0.0,Unf,0.0,672.0,672.0,Ex,1,SBrkr,1302,735,0,0.0,0.0,2,1,3,1,Gd,8,Typ,1,TA,Attchd,Fin,2.0,472.0,TA,TA,Y,100,33,0,0,0,0,NA,NA,0,2,2008,WD ,Normal,0,0,0,12,12,208587.08045619575
845,20,RL,69.0,7599,NA,Reg,Lvl,Corner,Gtl,Mitchel,1Fam,1Story,4,6,Gable,HdBoard,None,0.0,TA,TA,CBlock,TA,TA,No,ALQ,565.0,Unf,0.0,280.0,845.0,TA,1,SBrkr,845,0,0,1.0,0.0,1,0,2,1,TA,4,Typ,0,NA,Detchd,Unf,2.0,360.0,TA,TA,Y,0,0,0,0,0,0,NA,NA,0,6,2007,WD ,Normal,0,0,0,25,1,120905.64559945179
1531,20,RL,77.0,10872,NA,IR1,Lvl,Inside,Gtl,NridgHt,1Fam,1Story,9,5,Gable,VinylSd,Stone,122.0,Gd,TA,PConc,Ex,Gd,Av,GLQ,1037.0,Unf,0.0,467.0,1504.0,Ex,1,SBrkr,1531,0,0,1.0,0.0,2,0,2,1,Ex,6,Typ,1,Gd,Attchd,Fin,3.0,700.0,TA,TA,Y,184,52,0,0,0,0,NA,NA,0,2,2009,WD ,Normal,0,0,0,3,3,305160.58790728415
1022,30,RM,60.0,7200,NA,Reg,Lvl,Inside,Gtl,OldTown,1Fam,1Story,5,4,Hip,MetalSd,None,0.0,TA,TA,BrkTil,TA,TA,No,ALQ,247.0,Rec,465.0,310.0,1022.0,TA,0,SBrkr,1022,0,0,1.0,0.0,1,0,2,1,TA,4,Maj2,0,NA,Detchd,Unf,1.0,280.0,TA,TA,Y,0,30,226,0,0,0,NA,NA,0,6,2009,WD ,Normal,0,0,0,99,3,77899.80382423052
1060,20,RL,65.0,8246,NA,IR1,Lvl,Inside,Gtl,Sawyer,1Fam,1Story,5,8,Gable,Plywood,None,0.0,TA,Gd,CBlock,TA,TA,Mn,Rec,188.0,ALQ,668.0,204.0,1060.0,Ex,1,SBrkr,1060,0,0,1.0,0.0,1,0,3,1,Gd,6,Typ,1,TA,Attchd,Unf,1.0,270.0,TA,TA,Y,406,90,0,0,0,0,MnPrv,NA,0,5,2010,WD ,Normal,0,0,0,42,9,150784.71620114052
1622,190,RL,65.0,32463,NA,Reg,Low,Inside,Mod,Mitchel,2fmCon,1Story,4,4,Gable,MetalSd,Stone,149.0,TA,Gd,CBlock,TA,TA,Av,BLQ,1159.0,Unf,0.0,90.0,1249.0,Ex,1,SBrkr,1622,0,0,1.0,0.0,1,0,3,1,TA,7,Typ,1,TA,2Types,Fin,4.0,1356.0,TA,TA,Y,439,0,0,0,0,0,NA,NA,0,3,2007,WD ,Normal,0,0,0,46,32,167887.36986916428
1921,90,RL,120.0,11136,NA,Reg,Lvl,Corner,Gtl,Sawyer,Duplex,1Story,6,5,Gable,BrkFace,None,0.0,TA,TA,CBlock,TA,TA,No,Unf,0.0,Unf,0.0,1921.0,1921.0,TA,1,SBrkr,1921,0,0,0.0,0.0,2,0,4,2,TA,8,Typ,0,NA,Detchd,Unf,2.0,576.0,TA,TA,Y,0,180,0,0,0,0,NA,NA,0,7,2006,WD ,Normal,0,1,0,42,42,156517.16233583636
1611,20,RL,90.0,11664,NA,Reg,Lvl,Corner,Gtl,CollgCr,1Fam,1Story,7,5,Hip,VinylSd,None,0.0,Gd,TA,PConc,Gd,TA,Av,GLQ,1234.0,Unf,0.0,335.0,1569.0,Ex,1,SBrkr,1611,0,0,1.0,0.0,2,0,3,1,Gd,6,Typ,0,NA,Attchd,RFn,3.0,1231.0,TA,TA,Y,262,93,0,0,0,0,NA,NA,0,9,2009,WD ,Normal,0,0,0,7,7,233051.40330529076
1800,90,RL,80.0,8000,NA,Reg,Lvl,Corner,Gtl,NAmes,Duplex,1Story,5,4,Gable,BrkFace,None,0.0,TA,TA,CBlock,TA,TA,No,Unf,0.0,Unf,0.0,1800.0,1800.0,Ex,0,SBrkr,1800,0,0,0.0,0.0,2,0,6,2,TA,10,Typ,0,NA,NA,NA,0.0,0.0,NA,NA,Y,0,0,0,0,0,0,NA,NA,0,7,2007,WD ,Normal,0,1,0,46,46,117926.89499054087
1210,20,RL,75.0,9533,NA,Reg,Lvl,Inside,Gtl,NAmes,1Fam,1Story,5,5,Hip,Wd Sdng,BrkFace,140.0,TA,TA,Slab,NA,NA,NA,NA,0.0,NA,0.0,0.0,0.0,TA,1,FuseA,1210,0,0,0.0,0.0,1,1,2,1,TA,7,Typ,0,NA,Attchd,Fin,1.0,616.0,TA,TA,Y,208,0,100,0,0,0,MnPrv,NA,0,8,2009,ConLD,Normal,0,0,0,56,56,110074.75209691808
1718,70,RL,60.0,7230,NA,Reg,Lvl,Inside,Gtl,Crawfor,1Fam,2.5Unf,7,7,Gable,VinylSd,None,0.0,TA,TA,BrkTil,TA,TA,No,Unf,0.0,Unf,0.0,851.0,851.0,Gd,1,SBrkr,867,851,0,0.0,0.0,2,1,4,1,Gd,8,Typ,1,TA,Detchd,Unf,2.0,264.0,TA,TA,Y,291,0,60,0,153,0,GdPrv,NA,0,10,2007,WD ,Normal,0,0,0,80,15,191327.4650311134
2646,80,RL,100.0,14330,NA,IR1,Low,Corner,Gtl,Veenker,1Fam,SLvl,7,4,Gable,WdShing,BrkFace,145.0,Gd,Fa,CBlock,Gd,TA,Gd,ALQ,1023.0,BLQ,497.0,228.0,1748.0,Gd,1,SBrkr,2151,495,0,1.0,2.0,2,0,3,1,Gd,9,Mod,4,TA,Attchd,RFn,2.0,550.0,TA,TA,Y,641,100,0,0,0,800,GdPrv,NA,0,1,2006,WD ,Normal,0,0,0,32,32,267399.55202129035
960,20,RL,64.0,6410,NA,Reg,HLS,Inside,Gtl,Edwards,1Fam,1Story,4,5,Hip,WdShing,None,0.0,TA,TA,CBlock,TA,TA,No,Unf,0.0,Unf,0.0,960.0,960.0,Ex,1,SBrkr,960,0,0,0.0,0.0,1,0,3,1,TA,5,Typ,0,NA,NA,NA,0.0,0.0,NA,NA,Y,0,0,0,0,0,0,MnPrv,NA,0,5,2010,WD ,Normal,0,0,0,52,52,99107.43257475185
1050,20,RL,70.0,8092,NA,Reg,Lvl,Inside,Gtl,NAmes,1Fam,1Story,6,8,Hip,Wd Sdng,BrkFace,176.0,TA,Gd,CBlock,TA,TA,No,ALQ,824.0,Unf,0.0,226.0,1050.0,Ex,1,SBrkr,1050,0,0,1.0,0.0,1,0,3,1,Gd,6,Typ,0,NA,Attchd,RFn,1.0,286.0,TA,TA,Y,0,0,0,0,0,0,NA,NA,0,6,2006,WD ,Abnorml,0,0,0,52,6,149809.29183317994
1086,70,RM,60.0,11340,NA,Reg,Lvl,Inside,Gtl,OldTown,1Fam,2Story,2,1,Gable,AsbShng,None,0.0,Fa,Fa,BrkTil,Fa,Fa,No,Unf,0.0,Unf,0.0,723.0,723.0,TA,0,SBrkr,723,363,0,0.0,0.0,1,0,2,1,TA,5,Maj1,0,NA,Detchd,Unf,2.0,400.0,Fa,Po,N,0,24,144,0,0,0,NA,NA,0,11,2008,ConLD,Normal,0,0,0,88,58,63803.78137831281
864,20,RL,63.0,7560,NA,Reg,Lvl,Inside,Gtl,NAmes,1Fam,1Story,5,5,Hip,MetalSd,None,0.0,TA,TA,CBlock,Gd,TA,No,Rec,119.0,ALQ,613.0,132.0,864.0,TA,1,SBrkr,864,0,0,1.0,0.0,1,0,3,1,TA,5,Typ,0,NA,Detchd,Unf,2.0,576.0,TA,TA,Y,0,0,0,0,0,0,NA,NA,0,5,2008,WD ,Normal,0,0,0,37,37,120257.44858029767
960,20,RL,64.0,6400,NA,Reg,Lvl,Inside,Gtl,Edwards,1Fam,1Story,5,7,Gable,WdShing,None,0.0,TA,TA,CBlock,TA,TA,Av,Rec,77.0,ALQ,831.0,52.0,960.0,Ex,1,SBrkr,960,0,0,1.0,0.0,1,0,2,1,Fa,4,Typ,0,NA,Detchd,Unf,1.0,392.0,TA,TA,Y,144,0,35,0,0,0,NA,NA,0,12,2007,WD ,Normal,0,0,0,48,7,133254.95140819906
875,20,RL,60.0,7200,NA,Reg,Lvl,Inside,Gtl,CollgCr,1Fam,1Story,4,8,Gable,Plywood,None,0.0,TA,Gd,CBlock,TA,TA,No,Rec,385.0,Unf,0.0,0.0,385.0,Gd,1,SBrkr,875,0,0,0.0,0.0,1,0,3,1,Gd,5,Typ,0,NA,Detchd,Unf,2.0,728.0,TA,TA,Y,352,0,0,0,0,0,NA,NA,0,10,2007,WD ,Normal,0,0,0,35,1,127175.66135133417
1144,20,RL,70.0,9100,NA,Reg,Lvl,Inside,Gtl,NAmes,1Fam,1Story,5,5,Hip,HdBoard,BrkCmn,69.0,TA,TA,CBlock,TA,TA,No,Unf,0.0,Unf,0.0,1144.0,1144.0,TA,1,SBrkr,1144,0,0,0.0,0.0,1,0,3,1,TA,6,Typ,1,Gd,Attchd,RFn,1.0,336.0,TA,TA,Y,0,0,0,0,0,0,NA,NA,0,6,2007,WD ,Normal,0,0,0,47,47,130091.88605560146
2362,20,RL,80.0,12000,NA,Reg,Lvl,Inside,Gtl,Veenker,1Fam,1Story,7,6,Hip,VinylSd,BrkFace,600.0,Gd,TA,CBlock,Gd,TA,No,GLQ,1732.0,Unf,0.0,270.0,2002.0,Ex,1,SBrkr,2362,0,0,1.0,0.0,2,1,3,1,Gd,8,Typ,1,TA,Attchd,RFn,2.0,546.0,Gd,TA,Y,180,16,0,0,0,0,NA,NA,0,3,2007,WD ,Normal,0,0,0,27,27,290002.6260616941
1320,60,RL,65.0,7750,NA,Reg,Lvl,Inside,Gtl,Gilbert,1Fam,2Story,7,5,Gable,VinylSd,None,0.0,Gd,TA,PConc,Gd,TA,No,Unf,0.0,Unf,0.0,660.0,660.0,Ex,1,SBrkr,660,660,0,0.0,0.0,2,1,3,1,Gd,6,Typ,0,NA,Attchd,Fin,2.0,400.0,TA,TA,Y,0,48,0,0,0,0,NA,NA,0,8,2007,WD ,Normal,1,0,0,4,4,158856.11820762497
2649,60,RL,130.0,16900,NA,Reg,Lvl,Inside,Gtl,NridgHt,1Fam,2Story,8,5,Gable,VinylSd,BrkFace,1110.0,Gd,TA,PConc,Ex,TA,Mn,GLQ,1075.0,Unf,0.0,404.0,1479.0,Ex,1,SBrkr,1515,1134,0,1.0,0.0,2,1,4,1,Gd,10,Typ,1,TA,Attchd,Fin,3.0,746.0,TA,TA,Y,0,60,0,0,0,0,NA,NA,0,1,2008,WD ,Normal,0,0,0,7,6,357189.61773514433
1218,160,RM,21.0,1680,NA,Reg,Lvl,Inside,Gtl,BrDale,Twnhs,2Story,6,7,Gable,HdBoard,BrkFace,281.0,TA,TA,CBlock,TA,TA,No,BLQ,317.0,Unf,0.0,355.0,672.0,Gd,1,SBrkr,672,546,0,0.0,1.0,1,1,3,1,TA,7,Typ,0,NA,Detchd,Unf,1.0,264.0,TA,TA,Y,0,28,0,0,0,0,NA,NA,0,5,2006,WD ,Normal,0,0,0,34,34,121538.44004274906
1801,20,RL,100.0,15602,NA,IR1,Lvl,Inside,Gtl,Crawfor,1Fam,1Story,7,8,Gable,BrkFace,None,0.0,TA,TA,CBlock,TA,TA,No,ALQ,1247.0,Unf,0.0,254.0,1501.0,TA,1,SBrkr,1801,0,0,1.0,0.0,2,0,1,1,TA,6,Typ,2,TA,Attchd,Fin,2.0,484.0,TA,TA,Y,0,54,0,0,161,0,GdWo,NA,0,3,2010,WD ,Normal,0,0,0,51,13,264094.6407827949
1214,20,RL,70.0,9170,NA,Reg,Lvl,Corner,Gtl,Edwards,1Fam,1Story,5,7,Hip,MetalSd,None,0.0,TA,TA,CBlock,TA,TA,No,ALQ,698.0,GLQ,96.0,420.0,1214.0,Ex,1,SBrkr,1214,0,0,1.0,0.0,1,0,2,1,TA,6,Typ,0,NA,Detchd,Unf,2.0,461.0,Fa,Fa,Y,0,0,184,0,0,0,GdPrv,Shed,400,4,2007,WD ,Normal,0,1,0,42,42,141707.38763637148
1422,30,RL,54.0,7223,NA,Reg,Lvl,Inside,Gtl,Crawfor,1Fam,1Story,5,5,Hip,Stucco,None,0.0,TA,TA,PConc,TA,TA,Mn,BLQ,319.0,Unf,0.0,971.0,1290.0,TA,1,SBrkr,1422,0,0,0.0,0.0,1,0,3,1,TA,6,Typ,0,NA,Detchd,Unf,1.0,352.0,TA,TA,Y,0,0,64,0,0,0,MnPrv,NA,0,4,2007,WD ,Normal,0,0,0,81,57,129447.34741182083
988,20,RL,65.0,9945,NA,IR1,Lvl,Inside,Gtl,Sawyer,1Fam,1Story,5,5,Hip,Wd Sdng,BrkFace,57.0,TA,TA,CBlock,TA,TA,No,Rec,827.0,Unf,0.0,161.0,988.0,TA,1,SBrkr,988,0,0,1.0,0.0,1,0,3,1,TA,5,Typ,0,NA,Detchd,Unf,2.0,572.0,TA,TA,Y,0,0,0,0,0,0,NA,NA,0,10,2007,WD ,Normal,0,0,0,46,46,127207.91451574971
884,45,RM,51.0,6120,NA,Reg,Lvl,Inside,Gtl,BrkSide,1Fam,1.5Unf,5,7,Gable,AsbShng,None,0.0,Gd,TA,BrkTil,TA,TA,No,Unf,0.0,Unf,0.0,884.0,884.0,Ex,1,SBrkr,884,0,0,0.0,0.0,1,0,2,1,TA,5,Typ,0,NA,Detchd,Unf,1.0,240.0,TA,TA,Y,0,0,136,0,0,0,MnPrv,NA,0,7,2007,WD ,Normal,0,0,0,68,57,112174.61335998097
708,30,RL,50.0,5330,NA,Reg,HLS,Inside,Gtl,BrkSide,1Fam,1Story,4,7,Hip,VinylSd,None,0.0,Fa,TA,CBlock,TA,TA,No,LwQ,280.0,Unf,0.0,140.0,420.0,Gd,1,SBrkr,708,0,0,0.0,0.0,1,0,2,1,Fa,5,Typ,0,NA,NA,NA,0.0,0.0,NA,NA,Y,164,0,0,0,0,0,NA,NA,0,12,2009,WD ,Normal,0,0,0,69,59,83101.77179597886
1092,160,RM,21.0,1680,NA,Reg,Lvl,Inside,Gtl,BrDale,Twnhs,2Story,6,5,Gable,HdBoard,BrkFace,504.0,TA,TA,CBlock,TA,TA,No,BLQ,382.0,Unf,0.0,143.0,525.0,Gd,1,SBrkr,525,567,0,0.0,0.0,1,1,3,1,TA,6,Typ,0,NA,Detchd,Unf,1.0,264.0,TA,TA,Y,352,0,0,0,0,0,GdPrv,NA,0,10,2006,WD ,Normal,0,0,0,34,34,106968.69896202107
1044,80,RL,65.0,6285,NA,Reg,Lvl,Inside,Gtl,Edwards,1Fam,SLvl,6,6,Gable,HdBoard,None,0.0,TA,Fa,CBlock,TA,TA,Av,GLQ,504.0,Unf,0.0,456.0,960.0,TA,1,SBrkr,1044,0,0,1.0,0.0,1,0,3,1,TA,7,Typ,1,Fa,Detchd,Unf,2.0,528.0,TA,Fa,Y,228,0,0,0,0,0,NA,NA,0,4,2007,WD ,Normal,0,0,0,31,31,146851.61017481843
948,160,RM,21.0,1680,NA,Reg,Lvl,Inside,Gtl,BrDale,Twnhs,2Story,6,5,Gable,HdBoard,BrkFace,504.0,TA,TA,CBlock,TA,TA,No,ALQ,276.0,Unf,0.0,207.0,483.0,TA,1,SBrkr,483,465,0,0.0,0.0,1,1,2,1,TA,5,Typ,0,NA,Detchd,Unf,1.0,264.0,TA,TA,Y,0,0,0,0,0,0,NA,NA,0,7,2006,WD ,Normal,0,0,0,34,34,98148.74796797661
1717,50,RL,80.0,12400,NA,Reg,HLS,Inside,Mod,Crawfor,1Fam,1.5Fin,5,6,Gable,Wd Sdng,None,0.0,TA,TA,CBlock,Gd,TA,Mn,BLQ,602.0,Unf,0.0,299.0,901.0,TA,1,SBrkr,1125,592,0,0.0,0.0,1,1,2,1,TA,7,Typ,1,Gd,Attchd,Unf,1.0,410.0,TA,TA,Y,0,0,0,0,113,0,NA,NA,0,2,2006,WD ,Normal,0,0,0,66,56,166563.52137187077
2633,20,RL,65.0,11400,NA,Reg,Lvl,Inside,Gtl,NoRidge,1Fam,1Story,10,5,Hip,VinylSd,BrkFace,705.0,Ex,TA,PConc,Ex,TA,Gd,GLQ,1282.0,Unf,0.0,1351.0,2633.0,Ex,1,SBrkr,2633,0,0,1.0,0.0,2,1,2,1,Ex,8,Typ,2,Gd,Attchd,RFn,3.0,804.0,TA,TA,Y,314,140,0,0,0,0,NA,NA,0,3,2007,WD ,Normal,0,0,0,6,5,505514.320452394
1680,60,RL,50.0,8480,NA,IR1,Lvl,Inside,Gtl,SawyerW,1Fam,2Story,6,5,Gable,HdBoard,BrkFace,120.0,Gd,TA,PConc,Gd,TA,No,GLQ,602.0,Unf,0.0,284.0,886.0,Ex,1,SBrkr,886,794,0,0.0,1.0,2,1,3,1,Gd,7,Typ,0,NA,Attchd,RFn,2.0,474.0,TA,TA,Y,144,96,0,0,0,0,NA,NA,0,10,2008,WD ,Normal,0,0,0,15,14,183372.12263180473
1349,20,RL,65.0,8450,NA,Reg,Lvl,Inside,Gtl,SawyerW,1Fam,1Story,7,5,Gable,VinylSd,BrkFace,108.0,TA,TA,PConc,Gd,TA,No,Unf,0.0,Unf,0.0,1349.0,1349.0,Ex,1,SBrkr,1349,0,0,0.0,0.0,2,0,3,1,TA,6,Typ,0,NA,Attchd,Unf,2.0,539.0,TA,TA,Y,120,55,0,0,0,0,GdPrv,NA,0,12,2007,WD ,Normal,0,0,0,7,6,168087.11119609914
1851,20,RL,90.0,11727,NA,Reg,Lvl,Corner,Gtl,NAmes,1Fam,1Story,7,6,Gable,HdBoard,BrkFace,434.0,TA,Gd,CBlock,TA,TA,Mn,Unf,0.0,Unf,0.0,1851.0,1851.0,Gd,1,SBrkr,1851,0,0,0.0,0.0,2,0,3,1,TA,8,Typ,1,TA,Attchd,Fin,2.0,506.0,TA,TA,Y,0,146,0,0,0,0,NA,NA,0,3,2006,WD ,Normal,0,0,0,37,37,192020.2507826097
1092,190,RM,70.0,5600,NA,Reg,Lvl,Inside,Gtl,IDOTRR,2fmCon,2Story,4,5,Hip,VinylSd,None,0.0,Fa,Fa,Slab,NA,NA,NA,NA,0.0,NA,0.0,0.0,0.0,Fa,0,SBrkr,372,720,0,0.0,0.0,2,0,3,2,Fa,7,Mod,0,NA,NA,NA,0.0,0.0,NA,NA,N,0,0,0,0,0,0,NA,Othr,3500,7,2010,WD ,Normal,0,0,0,80,60,68903.72779063304
894,20,RL,70.0,8680,NA,Reg,Lvl,Inside,Gtl,NAmes,1Fam,1Story,5,7,Hip,CemntBd,None,0.0,TA,TA,CBlock,TA,TA,No,Unf,0.0,Unf,0.0,894.0,894.0,TA,1,SBrkr,894,0,0,0.0,0.0,1,0,3,1,TA,5,Typ,0,NA,Detchd,Unf,1.0,312.0,TA,TA,Y,0,0,0,0,0,0,NA,NA,0,1,2007,WD ,Normal,0,0,0,47,47,119798.8535407173
1820,60,RL,65.0,11050,NA,Reg,Lvl,Inside,Gtl,Mitchel,1Fam,2Story,7,5,Gable,VinylSd,None,0.0,TA,TA,PConc,Gd,TA,Mn,Unf,0.0,Unf,0.0,910.0,910.0,Ex,1,SBrkr,910,910,0,0.0,0.0,2,1,3,1,Gd,8,Typ,1,TA,Attchd,Unf,3.0,816.0,TA,TA,Y,318,32,0,0,0,0,NA,NA,0,9,2008,WD ,Normal,0,0,0,12,11,218010.48561975616
804,30,RM,60.0,7200,NA,Reg,Lvl,Corner,Gtl,OldTown,1Fam,1Story,5,7,Gable,MetalSd,Stone,294.0,TA,Gd,CBlock,TA,TA,No,BLQ,510.0,Unf,0.0,278.0,788.0,TA,1,SBrkr,804,0,0,1.0,0.0,1,0,2,1,Gd,4,Typ,2,Gd,Attchd,Unf,1.0,240.0,TA,TA,Y,0,0,154,0,0,0,MnPrv,NA,0,2,2010,WD ,Abnorml,0,0,0,70,18,116778.16389692655
1884,60,FV,70.0,7000,NA,Reg,Lvl,Inside,Gtl,Somerst,1Fam,2Story,7,5,Gable,CemntBd,None,0.0,Gd,TA,PConc,Gd,TA,Mn,GLQ,622.0,Unf,0.0,304.0,926.0,Ex,1,SBrkr,1016,868,0,1.0,0.0,2,1,3,1,Ex,7,Typ,1,Ex,Attchd,RFn,2.0,581.0,TA,TA,Y,0,35,0,0,0,0,NA,NA,0,6,2009,WD ,Normal,0,0,0,6,6,237892.72905478097
912,20,RL,72.0,8872,NA,Reg,Lvl,Corner,Gtl,NAmes,1Fam,1Story,5,8,Gable,VinylSd,BrkFace,300.0,TA,TA,CBlock,TA,TA,No,ALQ,595.0,Unf,0.0,317.0,912.0,Ex,1,SBrkr,912,0,0,1.0,0.0,1,0,2,1,Gd,5,Typ,0,NA,Detchd,Unf,2.0,576.0,TA,TA,Y,0,240,0,0,0,0,NA,NA,0,12,2008,WD ,Normal,0,0,0,43,0,141405.6342136266
1005,20,RL,62.0,14299,NA,Reg,Lvl,Inside,Gtl,Sawyer,1Fam,1Story,4,3,Gable,HdBoard,None,0.0,TA,TA,CBlock,TA,TA,No,Rec,513.0,LwQ,144.0,348.0,1005.0,TA,1,SBrkr,1005,0,0,1.0,0.0,1,0,3,1,TA,5,Typ,0,NA,Detchd,Unf,2.0,440.0,TA,TA,N,0,0,0,0,0,0,MnPrv,NA,0,7,2007,WD ,Normal,0,1,0,43,43,105082.66926916156
984,20,RL,49.0,9308,NA,IR1,Lvl,CulDSac,Gtl,Sawyer,1Fam,1Story,5,5,Gable,HdBoard,None,0.0,TA,TA,CBlock,TA,TA,No,Rec,554.0,Unf,0.0,430.0,984.0,TA,1,SBrkr,984,0,0,0.0,0.0,1,0,3,1,TA,5,Typ,0,NA,Attchd,Unf,1.0,310.0,TA,TA,Y,0,0,0,0,0,0,MnPrv,NA,0,7,2006,WD ,Normal,1,0,0,41,41,122445.54390938499
912,20,RL,70.0,10150,NA,Reg,Lvl,Inside,Gtl,NAmes,1Fam,1Story,5,5,Gable,Wd Sdng,None,1.0,TA,TA,CBlock,TA,TA,No,Rec,456.0,Unf,0.0,456.0,912.0,Ex,1,FuseA,912,0,0,0.0,0.0,1,0,2,1,TA,5,Typ,0,NA,Attchd,RFn,1.0,275.0,TA,TA,Y,0,0,0,0,0,0,NA,NA,0,7,2007,COD,Normal,0,1,0,49,49,116725.95113479138
1479,20,RL,93.0,9382,NA,IR1,Lvl,CulDSac,Gtl,CollgCr,1Fam,1Story,7,5,Gable,VinylSd,BrkFace,125.0,Gd,TA,PConc,Gd,TA,No,Unf,0.0,Unf,0.0,1468.0,1468.0,Ex,1,SBrkr,1479,0,0,0.0,0.0,2,0,3,1,Gd,6,Typ,0,NA,Attchd,RFn,2.0,577.0,TA,TA,Y,120,25,0,0,0,0,NA,NA,0,7,2008,WD ,Normal,0,0,0,9,8,184060.67910115336
1385,50,RL,71.0,8520,NA,Reg,Lvl,Corner,Gtl,NAmes,1Fam,1.5Fin,5,4,Gable,BrkFace,None,0.0,TA,Fa,CBlock,TA,TA,No,Rec,507.0,Unf,0.0,403.0,910.0,Fa,1,SBrkr,910,475,0,0.0,0.0,2,0,4,1,TA,6,Typ,0,NA,Detchd,Unf,2.0,720.0,TA,TA,Y,0,0,0,0,0,0,MnPrv,NA,0,6,2010,WD ,Normal,0,1,0,58,58,110547.90355667907
2035,60,RL,49.0,9505,NA,IR1,Lvl,CulDSac,Gtl,Gilbert,1Fam,2Story,7,5,Gable,VinylSd,BrkFace,180.0,Gd,TA,PConc,Gd,TA,No,Unf,0.0,Unf,0.0,884.0,884.0,Ex,1,SBrkr,884,1151,0,0.0,0.0,2,1,3,1,Gd,8,Typ,1,Gd,BuiltIn,Fin,2.0,434.0,TA,TA,Y,144,48,0,0,0,0,NA,NA,0,5,2010,WD ,Normal,0,0,0,9,9,214101.99178385487
2022,60,RL,83.0,10005,NA,Reg,Lvl,Inside,Gtl,ClearCr,1Fam,2Story,7,5,Hip,Plywood,BrkFace,299.0,TA,TA,CBlock,Gd,TA,No,BLQ,392.0,Unf,0.0,768.0,1160.0,Ex,1,SBrkr,1156,866,0,0.0,0.0,2,1,4,1,TA,8,Typ,1,TA,Attchd,Fin,2.0,505.0,TA,TA,Y,288,117,0,0,0,0,NA,NA,0,3,2008,WD ,Normal,0,0,0,31,31,207932.28684572043
1358,120,RL,47.0,6904,NA,IR1,Lvl,Inside,Gtl,NridgHt,TwnhsE,1Story,6,5,Gable,VinylSd,Stone,240.0,Gd,TA,PConc,Gd,TA,Av,ALQ,836.0,Unf,0.0,522.0,1358.0,Ex,1,SBrkr,1358,0,0,0.0,0.0,2,0,2,1,Gd,6,Typ,1,Gd,Attchd,RFn,2.0,484.0,TA,TA,Y,192,36,0,0,0,0,NA,NA,0,8,2009,WD ,Normal,0,0,0,4,4,196598.29123687616
1432,80,RL,60.0,16157,NA,IR1,Lvl,FR2,Gtl,Veenker,1Fam,SLvl,5,7,Gable,Plywood,None,0.0,TA,TA,PConc,Gd,TA,Gd,ALQ,680.0,Rec,391.0,289.0,1360.0,Ex,1,SBrkr,1432,0,0,1.0,0.0,1,1,2,1,Gd,5,Typ,1,TA,Attchd,Unf,2.0,588.0,TA,TA,Y,168,180,0,0,0,0,NA,NA,0,6,2007,WD ,Normal,0,1,0,29,29,188557.39954194118
1062,20,RL,53.0,8128,NA,IR1,Lvl,CulDSac,Gtl,NAmes,1Fam,1Story,6,7,Hip,MetalSd,BrkFace,80.0,TA,TA,CBlock,TA,TA,No,ALQ,490.0,Unf,0.0,572.0,1062.0,Gd,1,SBrkr,1062,0,0,1.0,0.0,1,0,3,1,TA,6,Typ,0,NA,Attchd,Unf,1.0,297.0,TA,TA,Y,0,0,0,0,0,0,NA,NA,0,2,2009,WD ,Normal,0,0,0,55,55,134972.97017080197
882,20,RL,70.0,8400,NA,Reg,Lvl,Corner,Gtl,NAmes,1Fam,1Story,4,5,Gable,Plywood,None,0.0,TA,TA,CBlock,TA,TA,No,ALQ,804.0,Rec,78.0,0.0,882.0,TA,1,SBrkr,882,0,0,1.0,0.0,1,0,2,1,TA,4,Typ,0,NA,Attchd,Fin,2.0,525.0,TA,TA,Y,240,0,0,0,0,0,MnPrv,NA,0,4,2010,WD ,Normal,0,0,0,40,40,121972.07246625985
1644,60,RL,59.0,9649,NA,IR1,Lvl,Inside,Gtl,Gilbert,1Fam,2Story,6,5,Gable,VinylSd,None,0.0,TA,TA,PConc,Gd,TA,No,Unf,0.0,Unf,0.0,941.0,941.0,Ex,1,SBrkr,961,683,0,0.0,0.0,2,1,3,1,TA,7,Typ,1,TA,Attchd,RFn,2.0,460.0,TA,TA,Y,460,42,0,0,0,0,NA,NA,0,5,2007,WD ,Normal,0,0,0,8,7,184229.927539254
1414,20,RL,87.0,11029,NA,IR1,Lvl,Corner,Gtl,NAmes,1Fam,1Story,6,8,Hip,MetalSd,None,0.0,Ex,TA,CBlock,Gd,TA,No,ALQ,528.0,BLQ,411.0,245.0,1184.0,Ex,1,SBrkr,1414,0,0,1.0,0.0,1,0,3,1,TA,6,Min1,1,TA,Attchd,Unf,2.0,601.0,TA,TA,Y,0,51,0,0,190,0,NA,NA,0,5,2008,WD ,Normal,0,0,0,50,6,174854.61763107168
936,30,RM,56.0,4485,Grvl,Reg,Lvl,Inside,Gtl,OldTown,1Fam,1Story,5,7,Gable,Wd Sdng,None,0.0,TA,TA,PConc,TA,TA,No,BLQ,579.0,Unf,0.0,357.0,936.0,TA,1,SBrkr,936,0,0,1.0,0.0,1,0,2,1,TA,5,Typ,1,Gd,NA,NA,0.0,0.0,NA,NA,P,51,0,135,0,0,0,MnPrv,NA,0,5,2010,WD ,Normal,0,1,0,90,60,100711.88496177572
1822,20,RL,79.0,14122,NA,IR1,Lvl,Inside,Gtl,NridgHt,1Fam,1Story,8,5,Hip,CemntBd,BrkFace,240.0,Gd,TA,PConc,Ex,TA,No,GLQ,28.0,Unf,0.0,1794.0,1822.0,Ex,1,SBrkr,1822,0,0,0.0,0.0,2,0,3,1,Ex,8,Typ,1,Gd,Attchd,RFn,3.0,678.0,TA,TA,Y,0,119,0,0,0,0,NA,NA,0,2,2010,WD ,Normal,0,0,0,5,4,287390.6543984315
987,160,RM,21.0,1869,NA,Reg,Lvl,Inside,Gtl,BrDale,Twnhs,2Story,6,6,Gable,HdBoard,BrkFace,127.0,TA,TA,CBlock,TA,TA,No,Rec,321.0,Unf,0.0,162.0,483.0,TA,1,SBrkr,483,504,0,0.0,0.0,1,1,2,1,TA,5,Typ,0,NA,Detchd,Unf,1.0,280.0,TA,TA,Y,0,0,0,0,0,0,NA,NA,0,9,2008,WD ,Normal,0,0,0,38,38,99434.49317535672
1336,20,RL,80.0,9610,NA,IR1,Lvl,Corner,Gtl,NAmes,1Fam,1Story,6,6,Hip,Wd Sdng,BrkFace,632.0,TA,TA,CBlock,TA,TA,No,Rec,203.0,Unf,0.0,918.0,1121.0,Ex,1,FuseA,1336,0,0,0.0,0.0,1,1,3,1,TA,7,Typ,1,TA,Attchd,RFn,2.0,488.0,TA,TA,Y,80,0,0,0,0,0,NA,NA,0,12,2006,WD ,Normal,0,1,0,48,48,145283.23084397998
1698,20,RL,90.0,11520,NA,Reg,Lvl,Inside,Gtl,NridgHt,1Fam,1Story,9,5,Hip,VinylSd,BrkFace,615.0,Gd,TA,PConc,Ex,TA,No,GLQ,110.0,Unf,0.0,1588.0,1698.0,Ex,1,SBrkr,1698,0,0,0.0,0.0,2,0,3,1,Ex,7,Typ,1,Gd,Attchd,Fin,3.0,730.0,TA,TA,Y,192,74,0,0,0,0,NA,NA,0,6,2010,WD ,Normal,0,0,1,5,5,298337.7762342132
1717,20,RL,87.0,11146,NA,IR1,Lvl,Inside,Gtl,NridgHt,1Fam,1Story,8,5,Gable,VinylSd,Stone,250.0,Gd,TA,PConc,Ex,TA,Av,Unf,0.0,Unf,0.0,1709.0,1709.0,Ex,1,SBrkr,1717,0,0,0.0,0.0,2,0,3,1,Gd,7,Typ,1,Gd,Attchd,RFn,3.0,908.0,TA,TA,Y,169,39,0,0,0,0,NA,NA,0,7,2009,WD ,Normal,0,0,0,3,3,265231.1564495921
1788,20,RL,65.0,11838,NA,Reg,Lvl,Inside,Gtl,CollgCr,1Fam,1Story,8,5,Hip,VinylSd,None,0.0,Gd,TA,PConc,Gd,TA,Av,Unf,0.0,Unf,0.0,1753.0,1753.0,Ex,1,SBrkr,1788,0,0,0.0,0.0,2,0,3,1,Ex,7,Typ,1,TA,Attchd,RFn,2.0,522.0,TA,TA,Y,202,151,0,0,0,0,NA,NA,0,6,2009,WD ,Normal,0,0,0,8,8,253386.13122940323
1541,20,RL,118.0,13704,NA,IR1,Lvl,Corner,Gtl,CollgCr,1Fam,1Story,7,5,Gable,VinylSd,BrkFace,150.0,Gd,TA,PConc,Gd,TA,No,Unf,0.0,Unf,0.0,1541.0,1541.0,Ex,1,SBrkr,1541,0,0,0.0,0.0,2,0,3,1,Gd,6,Typ,1,TA,Attchd,RFn,3.0,843.0,TA,TA,Y,468,81,0,0,0,0,NA,NA,0,1,2006,WD ,Normal,0,0,0,5,4,223149.49130308774
1055,120,RL,24.0,2280,NA,Reg,Lvl,FR2,Gtl,NPkVill,Twnhs,1Story,7,7,Gable,Plywood,None,0.0,TA,TA,CBlock,TA,TA,No,ALQ,120.0,BLQ,492.0,443.0,1055.0,TA,1,SBrkr,1055,0,0,1.0,0.0,2,0,2,1,TA,4,Typ,0,NA,Attchd,Unf,1.0,319.0,TA,TA,Y,0,29,0,0,0,0,NA,NA,0,4,2006,WD ,Normal,0,0,0,30,30,132817.9264860644
990,20,RL,60.0,8072,NA,Reg,Lvl,Inside,Gtl,CollgCr,1Fam,1Story,5,5,Gable,VinylSd,None,0.0,TA,Gd,PConc,Gd,Gd,No,ALQ,746.0,Unf,0.0,244.0,990.0,Ex,1,SBrkr,990,0,0,1.0,0.0,1,0,3,1,TA,5,Typ,0,NA,Detchd,Unf,2.0,480.0,TA,TA,Y,0,64,0,0,0,0,NA,NA,0,5,2009,WD ,Normal,0,0,0,15,14,147426.9602033282
1792,60,RL,80.0,12435,NA,Reg,Lvl,Inside,Gtl,CollgCr,1Fam,2Story,7,5,Gable,VinylSd,BrkFace,172.0,Gd,TA,PConc,Gd,TA,No,GLQ,361.0,Unf,0.0,602.0,963.0,Ex,1,SBrkr,963,829,0,0.0,0.0,2,1,3,1,Gd,7,Typ,1,TA,Attchd,RFn,2.0,564.0,TA,TA,Y,0,96,0,245,0,0,NA,NA,0,5,2008,WD ,Normal,0,0,0,7,7,212799.2256835021
2016,70,RL,120.0,26400,NA,Reg,Bnk,FR2,Gtl,SawyerW,1Fam,2Story,5,7,Gable,HdBoard,None,0.0,Gd,TA,PConc,NA,NA,NA,NA,0.0,NA,0.0,0.0,0.0,Ex,1,SBrkr,1288,728,0,0.0,0.0,1,0,4,1,TA,7,Mod,1,TA,Attchd,Unf,2.0,576.0,TA,TA,P,0,0,0,0,0,0,NA,NA,0,6,2009,WD ,Normal,0,1,0,129,2,158794.3707405407
1966,20,RL,98.0,12291,NA,IR1,Lvl,Inside,Gtl,Somerst,1Fam,1Story,10,5,Hip,CemntBd,BrkFace,754.0,Ex,TA,PConc,Ex,TA,Av,GLQ,1572.0,Unf,0.0,394.0,1966.0,Ex,1,SBrkr,1966,0,0,1.0,0.0,2,0,1,1,Ex,6,Typ,1,Gd,Attchd,Fin,3.0,1092.0,TA,TA,Y,76,52,0,0,0,0,NA,NA,0,10,2007,New,Partial,0,0,0,0,0,434123.82238582673
2314,60,RL,90.0,11060,NA,IR1,Lvl,Corner,Gtl,Edwards,1Fam,2Story,7,5,Gable,VinylSd,None,0.0,Gd,TA,PConc,Ex,TA,No,Unf,0.0,Unf,0.0,1150.0,1150.0,Ex,1,SBrkr,1164,1150,0,0.0,0.0,2,1,3,1,Gd,9,Typ,1,Ex,BuiltIn,Fin,2.0,502.0,TA,TA,Y,0,274,0,0,0,0,NA,NA,0,2,2006,ConLD,Normal,0,0,0,3,1,234164.8433574497
1465,50,RL,84.0,10164,NA,Reg,Bnk,Inside,Gtl,SWISU,1Fam,1.5Fin,5,5,Gable,VinylSd,None,0.0,TA,TA,CBlock,TA,Fa,Av,LwQ,646.0,Unf,0.0,346.0,992.0,Fa,1,SBrkr,992,473,0,0.0,0.0,2,0,3,1,TA,6,Typ,2,TA,Detchd,Unf,1.0,240.0,TA,TA,Y,0,126,0,0,0,0,NA,NA,0,7,2006,WD ,Normal,0,0,0,67,56,149880.0552872783
1479,20,RL,72.0,10665,NA,IR1,Lvl,Inside,Gtl,CollgCr,1Fam,1Story,7,5,Gable,VinylSd,BrkFace,167.0,Gd,TA,PConc,Gd,TA,Av,GLQ,1013.0,Unf,0.0,440.0,1453.0,Ex,1,SBrkr,1479,0,0,1.0,0.0,2,0,3,1,Gd,7,Typ,0,NA,Attchd,RFn,2.0,558.0,TA,TA,Y,144,29,0,0,0,0,NA,NA,0,6,2007,WD ,Normal,0,0,0,4,4,206971.48390340235
1365,160,RM,24.0,2368,NA,Reg,Lvl,Inside,Gtl,BrDale,TwnhsE,2Story,5,6,Gable,HdBoard,None,312.0,TA,TA,CBlock,TA,TA,No,LwQ,765.0,Unf,0.0,0.0,765.0,TA,1,SBrkr,765,600,0,0.0,0.0,1,1,3,1,TA,7,Min1,0,NA,Attchd,Unf,2.0,440.0,TA,TA,Y,0,36,0,0,0,0,NA,NA,0,5,2009,WD ,Normal,0,0,0,39,39,122741.48369192827
1616,40,RM,40.0,5400,Pave,Reg,Lvl,Corner,Gtl,OldTown,1Fam,1Story,6,7,Gable,MetalSd,None,0.0,TA,Gd,BrkTil,TA,TA,Mn,LwQ,370.0,Unf,0.0,779.0,1149.0,Gd,1,FuseA,1149,467,0,0.0,0.0,2,0,3,1,Gd,5,Typ,0,NA,Detchd,Unf,1.0,216.0,TA,TA,Y,0,0,183,0,0,0,NA,NA,0,10,2007,WD ,Normal,0,0,0,81,3,144005.993863983
1720,60,RL,65.0,8010,NA,IR1,Lvl,Inside,Gtl,Gilbert,1Fam,2Story,7,5,Gable,VinylSd,None,0.0,Gd,TA,PConc,Gd,TA,No,Unf,0.0,Unf,0.0,840.0,840.0,Ex,1,SBrkr,840,880,0,0.0,0.0,2,1,3,1,Gd,7,Typ,1,Gd,BuiltIn,Fin,2.0,400.0,TA,TA,Y,138,48,0,0,0,0,NA,NA,0,7,2008,WD ,Normal,0,0,0,6,5,192964.81259313787
1268,20,RL,78.0,7800,NA,Reg,Lvl,Inside,Gtl,NAmes,1Fam,1Story,5,6,Gable,HdBoard,BrkFace,200.0,TA,TA,PConc,TA,TA,No,LwQ,540.0,Unf,0.0,728.0,1268.0,Gd,1,SBrkr,1268,0,0,0.0,0.0,1,0,2,1,TA,7,Typ,1,Gd,Attchd,Fin,1.0,244.0,TA,TA,Y,0,98,0,0,0,0,NA,NA,0,3,2010,WD ,Normal,0,0,0,56,56,141690.83186831686
864,30,RL,56.0,4060,NA,Reg,Lvl,Corner,Gtl,Edwards,1Fam,1Story,5,8,Gable,Wd Sdng,None,0.0,TA,TA,PConc,Fa,TA,No,Unf,0.0,Unf,0.0,864.0,864.0,Ex,1,SBrkr,864,0,0,0.0,0.0,1,0,2,1,TA,4,Typ,0,NA,NA,NA,0.0,0.0,NA,NA,Y,0,96,0,0,0,0,NA,NA,0,7,2009,WD ,Normal,0,1,0,87,59,90737.73458179194
2417,60,RL,121.0,16059,NA,Reg,Lvl,Corner,Gtl,NoRidge,1Fam,2Story,8,5,Hip,HdBoard,BrkFace,284.0,Gd,TA,CBlock,Gd,TA,No,Unf,0.0,Unf,0.0,1288.0,1288.0,Ex,1,SBrkr,1301,1116,0,0.0,0.0,2,1,4,1,Gd,9,Typ,1,TA,Attchd,Unf,2.0,462.0,TA,TA,Y,127,82,0,0,0,0,NA,NA,0,4,2006,WD ,Normal,0,0,0,15,14,275850.0102043813
1330,70,RM,60.0,7518,NA,Reg,Lvl,FR3,Gtl,IDOTRR,1Fam,2Story,5,8,Gable,AsbShng,None,0.0,Fa,Gd,BrkTil,Fa,Fa,No,Unf,0.0,Unf,0.0,396.0,396.0,Gd,1,SBrkr,665,665,0,0.0,0.0,1,0,3,1,TA,7,Typ,0,NA,Detchd,Unf,1.0,390.0,TA,TA,N,0,72,45,0,0,0,MnPrv,NA,0,7,2006,WD ,Normal,0,0,0,96,2,117570.90241383197
1456,160,RL,24.0,2280,NA,Reg,Lvl,FR2,Gtl,NPkVill,Twnhs,2Story,6,6,Gable,Plywood,None,0.0,TA,TA,CBlock,TA,TA,No,ALQ,514.0,Unf,0.0,341.0,855.0,TA,1,SBrkr,855,601,0,0.0,0.0,2,1,3,1,Gd,6,Typ,1,TA,Attchd,Unf,2.0,440.0,TA,TA,Y,173,0,0,0,0,0,NA,NA,0,6,2010,WD ,Normal,0,0,0,35,35,148162.02287041134
894,20,RL,60.0,7436,NA,Reg,Lvl,Inside,Gtl,NAmes,1Fam,1Story,4,7,Gable,VinylSd,None,0.0,TA,TA,CBlock,TA,TA,No,ALQ,734.0,Unf,0.0,160.0,894.0,Gd,1,SBrkr,894,0,0,1.0,0.0,1,0,2,1,TA,5,Typ,1,Po,Detchd,Unf,2.0,396.0,TA,TA,Y,0,0,0,360,0,0,GdWo,NA,0,8,2009,WD ,Normal,0,0,0,49,49,128596.93844022595
1224,20,RL,160.0,20000,NA,Reg,Lvl,Inside,Gtl,Mitchel,1Fam,1Story,5,7,Gable,VinylSd,None,0.0,TA,TA,CBlock,TA,TA,No,ALQ,1224.0,Unf,0.0,0.0,1224.0,Ex,1,SBrkr,1224,0,0,1.0,0.0,1,0,4,1,TA,7,Typ,1,TA,Detchd,Unf,2.0,576.0,TA,TA,Y,474,0,0,0,0,0,NA,NA,0,9,2006,WD ,Abnorml,0,0,0,46,10,172295.41412788146
1440,90,RL,73.0,9069,NA,Reg,Lvl,Inside,Gtl,SawyerW,Duplex,SFoyer,6,8,Gable,HdBoard,None,0.0,Gd,Gd,PConc,Gd,TA,Av,LwQ,261.0,GLQ,1083.0,0.0,1344.0,Gd,1,SBrkr,1440,0,0,2.0,0.0,2,0,2,2,Gd,8,Typ,0,NA,Attchd,Unf,4.0,920.0,TA,TA,Y,288,0,0,0,0,0,NA,NA,0,4,2006,WD ,Normal,0,0,0,13,13,204291.81071625274
1022,30,RM,56.0,4480,NA,Reg,Lvl,Corner,Gtl,OldTown,1Fam,1Story,5,5,Gable,AsbShng,None,0.0,TA,TA,PConc,Fa,Fa,No,LwQ,782.0,Unf,0.0,240.0,1022.0,TA,0,FuseF,1022,0,0,1.0,0.0,1,0,2,1,Fa,4,Typ,1,Gd,Detchd,Unf,1.0,184.0,TA,Fa,N,0,122,20,0,0,0,MnPrv,NA,0,2,2007,WD ,Normal,0,1,0,85,57,92857.6044757949
1072,180,RM,35.0,3675,NA,Reg,Lvl,Inside,Gtl,Edwards,TwnhsE,SFoyer,6,5,Gable,VinylSd,BrkFace,80.0,TA,TA,Wood,Gd,TA,Gd,GLQ,547.0,Unf,0.0,0.0,547.0,Gd,1,SBrkr,1072,0,0,1.0,0.0,1,0,2,1,TA,5,Typ,0,NA,Basment,Fin,2.0,525.0,TA,TA,Y,0,28,0,0,0,0,NA,NA,0,4,2009,WD ,Normal,0,0,0,4,3,139027.14801345728
1803,20,RL,88.0,13125,NA,Reg,Lvl,Corner,Gtl,Sawyer,1Fam,1Story,5,4,Gable,Wd Sdng,BrkCmn,67.0,TA,TA,CBlock,TA,TA,No,Rec,168.0,BLQ,682.0,284.0,1134.0,Ex,1,SBrkr,1803,0,0,1.0,0.0,2,0,3,1,TA,8,Maj1,1,TA,Attchd,RFn,2.0,484.0,TA,TA,Y,0,0,0,0,0,0,GdPrv,NA,0,1,2006,WD ,Normal,0,0,0,49,6,154060.81303409638
2014,20,RL,65.0,15676,NA,IR1,Low,Inside,Gtl,Veenker,1Fam,1Story,8,8,Gable,VinylSd,BrkFace,115.0,Gd,Gd,CBlock,Gd,Gd,Gd,ALQ,1733.0,Rec,92.0,189.0,2014.0,Gd,1,SBrkr,2014,0,0,1.0,0.0,2,0,2,1,Gd,6,Maj1,2,Gd,Attchd,RFn,3.0,864.0,TA,TA,Y,462,0,0,255,0,0,MnPrv,NA,0,4,2009,WD ,Normal,0,0,0,29,29,331228.7924667633
1551,50,RL,60.0,10890,NA,Reg,Lvl,Inside,Gtl,SWISU,1Fam,1.5Fin,5,5,Gable,MetalSd,None,0.0,TA,TA,BrkTil,Fa,TA,No,LwQ,930.0,Unf,0.0,128.0,1058.0,TA,1,SBrkr,1058,493,0,1.0,0.0,2,0,3,1,Fa,6,Typ,0,NA,Detchd,Unf,1.0,240.0,Fa,TA,Y,0,0,0,0,0,0,MnPrv,NA,0,7,2006,WD ,Normal,0,0,0,68,56,141224.72959694508
1392,60,RL,60.0,10900,NA,IR1,Lvl,FR2,Gtl,CollgCr,1Fam,2Story,6,7,Gable,HdBoard,BrkFace,153.0,TA,TA,CBlock,Gd,TA,No,GLQ,378.0,Unf,0.0,311.0,689.0,Ex,1,SBrkr,689,703,0,0.0,0.0,1,1,3,1,TA,6,Typ,0,NA,Attchd,Fin,1.0,299.0,TA,TA,Y,0,36,0,0,0,0,MnPrv,Shed,450,3,2010,WD ,Normal,0,0,0,33,33,148512.91744185184
1797,20,RL,80.0,11765,NA,IR1,Lvl,Corner,Gtl,NAmes,1Fam,1Story,5,5,Gable,Wd Sdng,Stone,302.0,TA,TA,CBlock,TA,TA,Mn,Rec,1127.0,Unf,0.0,490.0,1617.0,Fa,1,SBrkr,1797,0,0,0.0,0.0,1,1,3,1,TA,7,Typ,1,TA,Attchd,Unf,3.0,963.0,TA,TA,Y,0,0,0,0,0,0,NA,NA,0,6,2006,WD ,Normal,0,0,0,49,49,175628.12057963636
864,20,RL,60.0,8281,NA,IR1,Lvl,Inside,Gtl,Sawyer,1Fam,1Story,5,5,Gable,MetalSd,None,0.0,TA,TA,CBlock,TA,TA,No,Rec,553.0,BLQ,311.0,0.0,864.0,Gd,1,SBrkr,864,0,0,0.0,0.0,1,0,3,1,TA,5,Typ,1,Po,Detchd,Unf,1.0,360.0,TA,TA,Y,0,0,236,0,0,0,GdWo,NA,0,12,2009,WD ,Normal,0,0,0,44,44,120363.79021962661
1680,20,RL,78.0,10140,NA,Reg,Lvl,Inside,Gtl,NWAmes,1Fam,1Story,7,5,Hip,VinylSd,None,0.0,Gd,TA,PConc,Ex,TA,No,LwQ,144.0,GLQ,1127.0,379.0,1650.0,Ex,1,SBrkr,1680,0,0,1.0,0.0,2,0,3,1,Gd,7,Maj1,1,TA,Attchd,Fin,2.0,583.0,TA,TA,Y,78,73,0,0,0,0,NA,NA,0,6,2009,WD ,Normal,1,0,0,11,10,215738.9175699901
1851,60,RL,80.0,9760,NA,Reg,Lvl,Inside,Mod,NAmes,1Fam,2Story,6,8,Hip,Wd Sdng,BrkFace,340.0,TA,TA,CBlock,TA,TA,Gd,BLQ,536.0,Rec,117.0,169.0,822.0,Gd,1,SBrkr,1020,831,0,0.0,0.0,2,1,3,1,Gd,7,Typ,1,Fa,Attchd,RFn,2.0,440.0,TA,TA,Y,239,42,0,0,0,0,MnWw,NA,0,7,2007,WD ,Normal,0,0,0,43,14,200279.32823016992
1768,60,RL,65.0,8158,NA,Reg,Lvl,Inside,Gtl,CollgCr,1Fam,2Story,7,5,Gable,VinylSd,BrkFace,252.0,Gd,TA,PConc,Gd,TA,No,GLQ,550.0,Unf,0.0,334.0,884.0,Ex,1,SBrkr,884,884,0,1.0,0.0,2,1,3,1,Gd,8,Typ,0,NA,Attchd,RFn,2.0,543.0,TA,TA,Y,0,63,0,0,0,0,NA,NA,0,7,2008,WD ,Normal,0,0,0,5,5,204209.8845544908
1666,70,RM,65.0,5100,Grvl,Reg,Lvl,Inside,Gtl,OldTown,1Fam,2Story,8,7,Hip,Stucco,None,0.0,TA,Gd,PConc,TA,TA,No,Unf,0.0,Unf,0.0,588.0,588.0,Fa,1,SBrkr,833,833,0,0.0,0.0,1,0,3,1,Gd,7,Typ,1,Gd,Detchd,Unf,1.0,228.0,TA,TA,Y,192,63,0,0,0,0,MnPrv,NA,0,6,2008,WD ,Normal,0,0,0,83,12,164127.82724188565
1067,20,RL,60.0,9600,NA,Reg,Lvl,Inside,Gtl,Sawyer,1Fam,1Story,4,7,Gable,VinylSd,None,0.0,TA,TA,CBlock,Gd,TA,No,BLQ,442.0,Unf,0.0,625.0,1067.0,TA,1,SBrkr,1067,0,0,0.0,0.0,2,0,2,1,Gd,4,Min2,0,NA,Attchd,Unf,2.0,436.0,TA,TA,Y,290,0,0,0,0,0,NA,NA,0,2,2010,WD ,Normal,0,0,0,60,15,130927.64874040514
1494,20,RL,65.0,16196,NA,IR3,Low,Inside,Gtl,SawyerW,1Fam,1Story,7,5,Gable,VinylSd,None,0.0,Gd,TA,PConc,Gd,TA,Gd,GLQ,1443.0,Unf,0.0,39.0,1482.0,Ex,1,SBrkr,1494,0,0,1.0,0.0,2,0,3,1,Gd,5,Typ,1,Fa,Attchd,RFn,2.0,514.0,TA,TA,Y,402,25,0,0,0,0,NA,NA,0,8,2007,WD ,Normal,0,0,0,9,9,244341.10367355487
1509,80,RL,85.0,10200,NA,Reg,Lvl,Inside,Gtl,Timber,1Fam,SLvl,6,5,Gable,HdBoard,BrkFace,219.0,Gd,TA,CBlock,Gd,TA,Av,GLQ,783.0,Unf,0.0,678.0,1461.0,Ex,1,SBrkr,1509,0,0,1.0,0.0,2,0,3,1,Gd,5,Typ,1,Fa,Attchd,RFn,2.0,600.0,TA,TA,Y,224,0,0,0,0,0,NA,NA,0,8,2008,WD ,Abnorml,0,0,0,20,19,198356.00018491675
912,50,RM,52.0,6240,NA,Reg,Lvl,Inside,Gtl,BrkSide,1Fam,1.5Fin,4,5,Gable,AsbShng,None,0.0,TA,TA,Slab,NA,NA,NA,NA,0.0,NA,0.0,0.0,0.0,Gd,0,SBrkr,672,240,0,0.0,0.0,1,0,2,1,TA,3,Typ,0,NA,NA,NA,0.0,0.0,NA,NA,N,0,0,0,0,0,0,NA,NA,0,7,2006,WD ,Normal,0,0,0,59,56,73899.54160190192
1116,20,RL,78.0,10140,NA,Reg,Lvl,Inside,Gtl,NWAmes,1Fam,1Story,6,6,Hip,Plywood,BrkFace,196.0,TA,TA,CBlock,TA,TA,No,ALQ,888.0,Unf,0.0,228.0,1116.0,Ex,1,SBrkr,1116,0,0,1.0,0.0,2,0,3,1,TA,6,Typ,1,TA,Attchd,RFn,2.0,528.0,TA,TA,Y,0,0,0,0,0,0,GdWo,NA,0,4,2009,WD ,Normal,0,0,0,35,35,159895.4639638006
1680,20,RL,65.0,17871,NA,IR2,Lvl,Inside,Gtl,Crawfor,1Fam,1Story,4,5,Gable,VinylSd,None,0.0,TA,TA,PConc,Gd,TA,No,Unf,0.0,Unf,0.0,1680.0,1680.0,Gd,1,SBrkr,1680,0,0,0.0,0.0,2,0,4,1,Gd,7,Typ,0,NA,Attchd,Unf,2.0,628.0,TA,TA,Y,152,0,0,0,0,0,NA,NA,0,6,2007,WD ,Normal,0,0,0,12,11,186452.60137330487
2482,60,RL,88.0,12665,NA,IR1,Lvl,Inside,Gtl,Timber,1Fam,2Story,8,5,Hip,VinylSd,BrkFace,245.0,Gd,TA,PConc,Gd,Gd,Gd,Unf,0.0,Unf,0.0,1094.0,1094.0,Ex,1,SBrkr,1133,1349,0,0.0,0.0,2,1,4,1,Gd,9,Typ,1,Gd,BuiltIn,Fin,3.0,642.0,TA,TA,Y,144,39,0,0,0,0,NA,NA,0,2,2007,WD ,Normal,0,0,0,2,1,300676.283500039
1762,60,RL,65.0,9930,NA,IR1,Lvl,Inside,Gtl,CollgCr,1Fam,2Story,7,5,Gable,VinylSd,BrkFace,199.0,Gd,TA,PConc,Gd,TA,No,GLQ,456.0,Unf,0.0,370.0,826.0,Ex,1,SBrkr,878,884,0,0.0,0.0,2,1,3,1,Gd,6,Typ,0,NA,Attchd,Fin,2.0,591.0,TA,TA,Y,320,54,0,0,0,0,NA,NA,0,7,2006,WD ,Normal,0,0,0,4,4,206279.95365112892
1501,60,RL,65.0,7685,NA,IR1,Lvl,Inside,Gtl,Gilbert,1Fam,2Story,6,5,Gable,HdBoard,BrkFace,112.0,TA,TA,PConc,Gd,TA,No,ALQ,518.0,Unf,0.0,179.0,697.0,Gd,1,SBrkr,697,804,0,0.0,0.0,2,1,3,1,Gd,6,Typ,1,TA,Attchd,Fin,2.0,420.0,TA,TA,Y,190,63,0,0,0,0,NA,NA,0,5,2006,WD ,Normal,0,0,0,13,12,178627.16492342358
1120,20,RL,65.0,10710,NA,Reg,Lvl,Inside,Gtl,NAmes,1Fam,1Story,5,7,Hip,HdBoard,BrkFace,165.0,Gd,TA,PConc,TA,TA,No,BLQ,644.0,Unf,0.0,220.0,864.0,Ex,1,SBrkr,1120,0,0,0.0,1.0,1,0,3,1,TA,5,Typ,1,TA,Attchd,RFn,2.0,656.0,TA,TA,Y,0,162,0,0,0,0,NA,Shed,1200,7,2009,WD ,Normal,0,0,0,43,5,158514.13966438422
1022,20,RL,49.0,14217,NA,IR2,Lvl,CulDSac,Gtl,CollgCr,1Fam,1Story,5,5,Gable,VinylSd,None,0.0,TA,TA,PConc,Gd,TA,No,ALQ,550.0,Unf,0.0,472.0,1022.0,Gd,1,SBrkr,1022,0,0,0.0,1.0,1,0,3,1,TA,6,Typ,0,NA,Detchd,Unf,2.0,747.0,TA,TA,Y,0,0,0,0,0,0,NA,NA,0,8,2007,WD ,Normal,0,0,0,13,13,151560.0946102211
1456,160,RL,24.0,2179,NA,Reg,Lvl,Inside,Gtl,NPkVill,Twnhs,2Story,6,5,Gable,Plywood,None,0.0,TA,TA,CBlock,Gd,TA,No,ALQ,70.0,Unf,0.0,785.0,855.0,Gd,1,SBrkr,855,601,0,0.0,0.0,2,1,3,1,TA,6,Typ,1,TA,Attchd,RFn,2.0,460.0,TA,TA,Y,0,28,0,0,0,0,NA,NA,0,7,2006,WD ,Normal,0,0,0,30,30,140427.31481380333
1718,20,RL,79.0,10637,NA,Reg,Lvl,Inside,Gtl,CollgCr,1Fam,1Story,8,5,Hip,VinylSd,Stone,336.0,Gd,TA,PConc,Ex,TA,Gd,GLQ,1288.0,Unf,0.0,417.0,1705.0,Ex,1,SBrkr,1718,0,0,1.0,0.0,2,0,3,1,Gd,7,Typ,1,Gd,Attchd,RFn,3.0,826.0,TA,TA,Y,208,44,0,0,0,0,NA,NA,0,9,2009,WD ,Normal,0,0,0,2,1,295085.3562654873
2259,20,RL,80.0,21000,NA,Reg,Bnk,Corner,Gtl,Crawfor,1Fam,1Story,6,5,Hip,Wd Sdng,BrkFace,184.0,TA,Gd,CBlock,Gd,TA,Mn,ALQ,35.0,Rec,869.0,905.0,1809.0,TA,1,SBrkr,2259,0,0,1.0,0.0,2,0,3,1,Gd,7,Typ,2,Gd,Basment,Unf,2.0,450.0,TA,TA,Y,166,120,192,0,0,0,MnPrv,NA,0,10,2007,COD,Abnorml,0,0,0,54,54,210078.08416127713
1220,20,RL,128.0,13001,NA,IR1,Lvl,Inside,Gtl,NWAmes,1Fam,1Story,6,5,Hip,HdBoard,BrkFace,176.0,TA,TA,CBlock,TA,TA,Mn,ALQ,492.0,BLQ,121.0,1012.0,1625.0,TA,1,SBrkr,1220,0,0,0.0,1.0,2,0,2,1,TA,6,Typ,1,TA,Attchd,Unf,2.0,944.0,TA,TA,Y,0,0,249,0,0,0,NA,NA,0,9,2007,WD ,Normal,0,0,1,36,36,173736.87313287993
1442,20,RL,75.0,9750,NA,Reg,Lvl,Inside,Gtl,NAmes,1Fam,1Story,6,6,Gable,MetalSd,BrkFace,243.0,TA,TA,CBlock,TA,TA,No,Rec,608.0,Unf,0.0,834.0,1442.0,Gd,1,SBrkr,1442,0,0,0.0,0.0,1,1,4,1,TA,7,Typ,0,NA,Attchd,RFn,1.0,301.0,TA,TA,Y,0,0,275,0,0,0,NA,Shed,500,4,2007,COD,Normal,0,0,0,49,49,147746.63023787973
1445,50,RL,82.0,14235,NA,IR1,Lvl,Inside,Gtl,SawyerW,1Fam,1.5Fin,6,8,Gable,Wd Sdng,None,0.0,TA,TA,PConc,Fa,Gd,No,Unf,0.0,Unf,0.0,676.0,676.0,TA,1,SBrkr,831,614,0,0.0,0.0,2,0,3,1,TA,6,Typ,0,NA,Detchd,Unf,2.0,484.0,TA,TA,N,0,59,0,0,0,0,NA,NA,0,3,2010,WD ,Normal,0,0,0,110,17,150001.9917629431
1717,50,RL,44.0,13758,NA,IR1,Lvl,CulDSac,Gtl,Timber,1Fam,1.5Fin,7,5,Gable,HdBoard,BrkFace,117.0,Gd,Gd,CBlock,Gd,TA,Mn,LwQ,902.0,Unf,0.0,254.0,1156.0,Ex,1,SBrkr,1187,530,0,0.0,0.0,2,1,3,1,Gd,7,Typ,1,TA,Attchd,RFn,2.0,400.0,TA,TA,Y,168,36,0,0,0,0,NA,NA,0,4,2007,WD ,Normal,0,0,0,17,16,217084.43201635827
1342,20,RL,65.0,9790,NA,Reg,Lvl,Inside,Gtl,NWAmes,1Fam,1Story,6,5,Gable,BrkFace,None,0.0,TA,TA,CBlock,TA,TA,No,Rec,251.0,LwQ,630.0,491.0,1372.0,TA,1,SBrkr,1342,0,0,0.0,0.0,2,0,3,1,TA,7,Typ,1,Gd,Attchd,Unf,2.0,457.0,TA,TA,Y,0,0,0,0,197,0,NA,NA,0,9,2009,WD ,Normal,0,1,0,42,42,155625.99147956652
832,30,RM,68.0,9656,NA,Reg,Lvl,Inside,Gtl,OldTown,1Fam,1Story,2,2,Gable,AsbShng,None,0.0,TA,Fa,BrkTil,Fa,Fa,No,Unf,0.0,Unf,0.0,678.0,678.0,TA,0,SBrkr,832,0,0,0.0,0.0,1,0,2,1,TA,5,Typ,1,Gd,Detchd,Unf,2.0,780.0,Fa,Fa,N,0,0,0,0,0,0,NA,NA,0,6,2010,WD ,Abnorml,0,0,0,87,40,63130.044610928046
1238,20,RL,60.0,7200,NA,Reg,Lvl,Inside,Gtl,NAmes,1Fam,1Story,5,3,Gable,WdShing,None,0.0,TA,TA,CBlock,TA,TA,No,LwQ,432.0,Unf,0.0,432.0,864.0,Fa,1,FuseA,1238,0,0,0.0,0.0,1,1,3,1,TA,6,Min2,1,TA,Attchd,Unf,1.0,357.0,TA,TA,Y,0,171,0,0,0,0,NA,NA,0,11,2007,WD ,Normal,0,0,0,57,57,108078.32923431332
1664,90,RL,75.0,9825,NA,Reg,Lvl,Inside,Gtl,Edwards,Duplex,1Story,5,5,Hip,AsphShn,None,0.0,TA,TA,CBlock,NA,NA,NA,NA,0.0,NA,0.0,0.0,0.0,TA,0,SBrkr,1664,0,0,0.0,0.0,2,0,4,2,TA,8,Typ,0,NA,NA,NA,0.0,0.0,NA,NA,Y,0,0,0,0,0,0,NA,NA,0,5,2010,WD ,Normal,0,0,0,45,45,106228.00083466418
2133,50,RL,78.0,10452,NA,IR1,Lvl,Inside,Gtl,Crawfor,1Fam,1.5Fin,7,6,Gable,Wd Sdng,BrkFace,371.0,Gd,Gd,BrkTil,Gd,TA,No,ALQ,426.0,BLQ,252.0,850.0,1528.0,Ex,1,SBrkr,1225,908,0,1.0,0.0,1,1,4,1,TA,8,Typ,2,TA,Attchd,Unf,1.0,312.0,TA,TA,Y,0,0,86,0,0,0,NA,NA,0,7,2010,WD ,Normal,0,0,0,69,25,225497.04692823373
1456,60,RL,65.0,10237,NA,Reg,Lvl,Inside,Gtl,Gilbert,1Fam,2Story,6,5,Gable,VinylSd,None,0.0,Gd,TA,PConc,Gd,TA,No,Unf,0.0,Unf,0.0,728.0,728.0,Ex,1,SBrkr,728,728,0,0.0,0.0,2,1,3,1,Gd,8,Typ,1,Gd,Attchd,Fin,2.0,390.0,TA,TA,Y,0,24,0,0,0,0,NA,NA,0,2,2006,New,Partial,1,0,0,1,0,170975.66565922572
725,30,RL,60.0,10800,Grvl,Reg,Lvl,Corner,Gtl,OldTown,1Fam,1Story,3,5,Gable,VinylSd,None,0.0,TA,TA,BrkTil,TA,TA,No,Unf,0.0,Unf,0.0,630.0,630.0,TA,1,FuseA,725,0,0,0.0,0.0,1,1,1,1,TA,4,Typ,0,NA,Detchd,Unf,1.0,320.0,TA,TA,Y,0,30,0,0,0,0,NA,NA,0,11,2009,WD ,Normal,0,0,0,119,11,76496.82939713086
1558,50,RL,60.0,10930,Grvl,Reg,Bnk,Inside,Gtl,NAmes,1Fam,1.5Fin,5,6,Gable,MetalSd,None,0.0,TA,TA,CBlock,TA,TA,No,BLQ,580.0,Unf,0.0,333.0,913.0,TA,1,FuseA,1048,510,0,1.0,0.0,1,1,3,1,TA,6,Typ,1,TA,Attchd,Unf,1.0,288.0,TA,TA,Y,0,0,0,0,0,0,NA,NA,0,4,2008,WD ,Normal,0,1,0,63,58,135059.23186029622
2240,90,RL,64.0,7018,NA,Reg,Lvl,Inside,Gtl,SawyerW,Duplex,2Story,5,5,Gable,Plywood,None,0.0,TA,TA,Slab,NA,NA,NA,NA,0.0,NA,0.0,0.0,0.0,TA,1,SBrkr,1120,1120,0,0.0,0.0,2,0,6,2,TA,12,Typ,0,NA,Detchd,Unf,2.0,528.0,TA,TA,Y,154,0,0,0,0,0,NA,NA,0,6,2009,WD ,Alloca,0,1,0,30,30,137473.3138029073
1576,70,RL,144.0,21384,NA,Reg,Lvl,Inside,Gtl,BrkSide,1Fam,2Story,5,6,Gable,Wd Sdng,None,0.0,TA,TA,CBlock,TA,TA,Gd,GLQ,1309.0,Unf,0.0,15.0,1324.0,Ex,1,SBrkr,1072,504,0,2.0,0.0,1,1,3,1,Gd,6,Typ,1,TA,Attchd,RFn,2.0,528.0,TA,TA,Y,0,312,0,0,0,0,NA,NA,0,5,2009,WD ,Normal,0,0,0,86,5,214778.74460819102
1127,20,RL,65.0,6500,NA,Reg,Lvl,Inside,Gtl,Edwards,1Fam,1Story,6,6,Hip,HdBoard,BrkFace,84.0,TA,TA,CBlock,TA,Ex,No,BLQ,1033.0,Unf,0.0,94.0,1127.0,TA,1,SBrkr,1127,0,0,0.0,1.0,1,1,3,1,TA,6,Typ,1,Po,Detchd,Unf,2.0,480.0,TA,TA,Y,0,0,138,0,0,0,NA,NA,0,5,2008,WD ,Normal,0,0,0,32,32,150242.2269896961
1402,20,FV,72.0,8640,NA,Reg,Lvl,Inside,Gtl,Somerst,1Fam,1Story,7,5,Hip,VinylSd,None,0.0,Gd,TA,PConc,Gd,TA,No,Unf,0.0,Unf,0.0,1402.0,1402.0,Ex,1,SBrkr,1402,0,0,0.0,0.0,2,0,3,1,Gd,7,Typ,0,NA,Attchd,RFn,2.0,625.0,TA,TA,Y,205,126,0,0,0,0,NA,NA,0,5,2009,WD ,Normal,0,0,0,1,1,195204.80959492948
894,20,RL,60.0,6600,NA,Reg,Lvl,Inside,Gtl,NAmes,1Fam,1Story,5,5,Hip,MetalSd,None,0.0,TA,TA,CBlock,TA,TA,No,Unf,0.0,Unf,0.0,894.0,894.0,Gd,0,SBrkr,894,0,0,0.0,0.0,1,0,2,1,TA,5,Typ,0,NA,Detchd,Unf,1.0,308.0,TA,TA,Y,0,0,0,0,0,0,NA,NA,0,8,2009,WD ,Normal,0,0,1,47,47,108497.61968721091
901,20,RM,50.0,6000,NA,Reg,Lvl,Corner,Gtl,OldTown,1Fam,1Story,4,7,Gable,MetalSd,None,0.0,TA,TA,CBlock,TA,TA,No,Unf,0.0,Unf,0.0,901.0,901.0,Ex,1,SBrkr,901,0,0,0.0,0.0,1,0,2,1,TA,4,Typ,0,NA,Detchd,Unf,1.0,281.0,Fa,TA,Y,0,0,0,0,0,0,NA,NA,0,8,2008,WD ,Normal,0,0,0,54,8,108315.21424740148
1392,20,RL,80.0,11900,NA,IR1,Lvl,Corner,Gtl,NAmes,1Fam,1Story,6,5,Gable,HdBoard,BrkFace,387.0,TA,TA,CBlock,TA,TA,No,Rec,1040.0,Unf,0.0,352.0,1392.0,TA,1,FuseA,1392,0,0,1.0,0.0,1,1,3,1,TA,6,Typ,2,Gd,Attchd,RFn,2.0,458.0,TA,TA,Y,0,0,0,0,192,0,NA,NA,0,6,2008,WD ,Normal,0,0,0,51,51,170232.69589542167
1710,120,RL,60.0,8118,NA,Reg,HLS,Inside,Gtl,StoneBr,TwnhsE,1Story,9,5,Hip,MetalSd,BrkFace,178.0,Ex,TA,PConc,Ex,TA,Gd,GLQ,1034.0,Unf,0.0,676.0,1710.0,Ex,1,SBrkr,1710,0,0,1.0,0.0,2,0,2,1,Ex,6,Typ,1,Gd,Attchd,RFn,2.0,557.0,TA,TA,Y,156,48,0,0,0,0,NA,NA,0,7,2008,WD ,Normal,0,0,1,1,1,341627.6662710361
3228,20,RL,65.0,12692,NA,IR1,Lvl,Inside,Gtl,NoRidge,1Fam,1Story,8,5,Hip,BrkFace,None,0.0,Gd,TA,PConc,Gd,TA,No,GLQ,1231.0,Unf,0.0,1969.0,3200.0,Ex,1,SBrkr,3228,0,0,1.0,0.0,3,0,4,1,Gd,10,Typ,1,Gd,Attchd,RFn,2.0,546.0,TA,TA,Y,264,75,291,0,0,0,NA,NA,0,5,2007,WD ,Normal,0,0,0,15,14,364581.177981136
1790,60,RL,80.0,10400,NA,Reg,Lvl,Inside,Gtl,NWAmes,1Fam,2Story,6,5,Gable,VinylSd,None,288.0,TA,TA,CBlock,TA,TA,No,Rec,247.0,Unf,0.0,485.0,732.0,Gd,1,SBrkr,1012,778,0,1.0,0.0,1,2,4,1,TA,8,Min2,1,TA,Attchd,RFn,2.0,484.0,TA,TA,Y,148,0,0,0,147,0,NA,NA,0,11,2006,WD ,Normal,0,0,0,34,34,162802.65365739586
988,20,RL,100.0,21750,NA,Reg,HLS,Inside,Mod,Mitchel,1Fam,1Story,5,5,Hip,HdBoard,None,0.0,TA,TA,CBlock,TA,TA,No,Unf,0.0,Unf,0.0,988.0,988.0,Ex,1,FuseA,988,0,0,0.0,0.0,1,0,2,1,TA,4,Typ,0,NA,Attchd,RFn,2.0,520.0,TA,TA,N,0,0,0,0,0,0,NA,NA,0,2,2008,WD ,Normal,0,1,0,54,54,128343.12863414477
1434,20,RL,85.0,10200,NA,Reg,Lvl,Inside,Gtl,NAmes,1Fam,1Story,6,5,Hip,Plywood,BrkFace,440.0,TA,TA,CBlock,TA,TA,No,LwQ,844.0,Unf,0.0,590.0,1434.0,TA,1,SBrkr,1434,0,0,1.0,0.0,2,0,4,1,TA,7,Typ,1,Gd,Attchd,RFn,2.0,528.0,TA,TA,Y,80,21,0,0,0,0,NA,NA,0,6,2009,WD ,Normal,0,0,0,35,35,159773.27285336275
1716,190,RL,55.0,5687,Grvl,Reg,Bnk,Inside,Gtl,SWISU,2fmCon,2Story,5,6,Gable,VinylSd,None,0.0,TA,Fa,PConc,TA,Fa,No,Rec,210.0,Unf,0.0,570.0,780.0,Ex,0,SBrkr,936,780,0,1.0,0.0,2,0,6,1,Fa,9,Typ,0,NA,NA,NA,0.0,0.0,NA,NA,N,0,184,0,0,0,0,NA,NA,0,3,2008,WD ,Normal,0,0,0,96,8,120471.57502517186
1593,60,RL,62.0,7415,NA,IR1,Lvl,Inside,Gtl,Gilbert,1Fam,2Story,6,5,Gable,VinylSd,None,0.0,TA,TA,PConc,TA,TA,No,GLQ,759.0,Unf,0.0,80.0,839.0,Ex,1,SBrkr,864,729,0,1.0,0.0,2,1,3,1,TA,8,Typ,1,TA,Attchd,Fin,2.0,398.0,TA,TA,Y,100,75,0,0,0,0,NA,NA,0,4,2008,WD ,Normal,0,0,0,4,4,187018.2205749254
1531,50,RL,50.0,9350,NA,Reg,Bnk,Inside,Gtl,Edwards,1Fam,1.5Fin,4,6,Gable,WdShing,None,0.0,TA,TA,CBlock,TA,Fa,No,LwQ,192.0,Unf,0.0,564.0,756.0,Ex,1,SBrkr,1169,0,362,0.0,0.0,1,0,3,1,TA,8,Typ,1,TA,Detchd,Unf,1.0,209.0,Fa,TA,Y,0,0,0,0,0,0,MnPrv,NA,0,6,2010,WD ,Normal,0,0,0,63,31,131635.98058160898
1422,20,RL,63.0,9457,NA,Reg,Lvl,Inside,Gtl,NAmes,1Fam,1Story,5,6,Gable,MetalSd,None,0.0,TA,TA,CBlock,TA,TA,No,ALQ,566.0,Unf,0.0,359.0,925.0,TA,1,SBrkr,1422,0,0,1.0,0.0,1,0,3,1,TA,7,Min2,0,NA,Detchd,Unf,2.0,576.0,TA,TA,Y,252,0,0,0,0,0,GdWo,NA,0,9,2007,WD ,Normal,0,0,0,37,17,146450.36122313666
1922,20,RL,86.0,14157,NA,IR1,HLS,Corner,Gtl,StoneBr,1Fam,1Story,9,5,Hip,VinylSd,Stone,200.0,Gd,TA,PConc,Ex,TA,Gd,GLQ,1249.0,Unf,0.0,673.0,1922.0,Ex,1,SBrkr,1922,0,0,1.0,0.0,2,0,3,1,Gd,8,Typ,1,Gd,Attchd,Fin,3.0,676.0,TA,TA,Y,178,51,0,0,0,0,NA,NA,0,7,2007,WD ,Normal,0,0,0,2,1,359753.82447756664
1312,50,RL,50.0,7500,NA,Reg,Lvl,Inside,Gtl,NAmes,1Fam,1.5Fin,6,6,Gable,VinylSd,None,0.0,TA,TA,CBlock,TA,TA,No,Unf,0.0,Unf,0.0,784.0,784.0,Ex,1,FuseA,900,412,0,0.0,0.0,1,1,3,1,TA,6,Typ,0,NA,Detchd,Unf,2.0,649.0,TA,TA,Y,0,28,0,0,0,0,NA,NA,0,10,2006,WD ,Normal,0,0,0,59,56,132944.04938832784
1342,50,RM,50.0,6000,NA,Reg,Lvl,Inside,Gtl,BrkSide,1Fam,1.5Fin,6,5,Gable,Wd Sdng,None,0.0,TA,TA,CBlock,TA,TA,No,LwQ,264.0,Unf,0.0,475.0,739.0,Ex,1,SBrkr,874,468,0,0.0,0.0,2,0,2,2,TA,7,Typ,1,Gd,Detchd,Unf,1.0,240.0,TA,TA,Y,0,0,0,0,0,0,NA,NA,0,4,2008,WD ,Normal,0,0,0,69,58,129755.80274549546
1641,50,RL,70.0,10759,NA,Reg,Lvl,Corner,Gtl,Sawyer,1Fam,1.5Fin,5,4,Gable,HdBoard,None,0.0,TA,Gd,CBlock,Gd,TA,No,LwQ,190.0,ALQ,811.0,0.0,1001.0,TA,1,SBrkr,1001,640,0,0.0,0.0,2,0,4,1,TA,5,Typ,1,Gd,Detchd,Unf,2.0,490.0,TA,TA,Y,0,0,92,0,0,0,GdPrv,NA,0,7,2008,WD ,Normal,0,1,0,36,36,128329.3303781385
1838,90,RM,83.0,10126,NA,Reg,Lvl,Corner,Gtl,CollgCr,Duplex,SFoyer,6,5,Gable,VinylSd,None,0.0,TA,Gd,PConc,Gd,TA,Gd,GLQ,1593.0,LwQ,162.0,83.0,1838.0,Ex,1,SBrkr,1838,0,0,2.0,0.0,2,0,2,2,TA,8,Typ,0,NA,Attchd,Unf,3.0,721.0,TA,TA,Y,160,67,0,0,0,0,NA,NA,0,7,2008,WD ,Abnorml,0,0,0,11,10,211354.7257014136
990,20,RL,65.0,8775,NA,Reg,Lvl,Inside,Gtl,CollgCr,1Fam,1Story,5,5,Gable,VinylSd,None,0.0,TA,TA,PConc,Gd,TA,No,GLQ,495.0,Unf,0.0,495.0,990.0,Gd,1,SBrkr,990,0,0,0.0,0.0,1,0,3,1,TA,5,Typ,0,NA,Attchd,Unf,1.0,299.0,TA,TA,Y,0,64,0,0,0,0,NA,NA,0,4,2007,WD ,Normal,0,0,0,13,13,142545.1641257162
1856,20,RL,88.0,11394,NA,Reg,Lvl,Corner,Gtl,StoneBr,1Fam,1Story,9,2,Hip,VinylSd,Stone,350.0,Gd,TA,PConc,Ex,TA,Av,GLQ,1445.0,Unf,0.0,411.0,1856.0,Ex,1,SBrkr,1856,0,0,1.0,0.0,1,1,1,1,Ex,8,Typ,1,Ex,Attchd,Fin,3.0,834.0,TA,TA,Y,113,0,0,0,0,0,NA,NA,0,6,2010,New,Partial,0,0,0,0,0,343362.16025634535
1440,20,RL,82.0,11202,NA,IR1,Lvl,Inside,Gtl,Timber,1Fam,1Story,8,5,Hip,VinylSd,BrkFace,206.0,Gd,TA,PConc,Ex,TA,Av,GLQ,1029.0,Unf,0.0,403.0,1432.0,Ex,1,SBrkr,1440,0,0,1.0,0.0,2,0,3,1,Gd,7,Typ,1,TA,Attchd,Fin,2.0,467.0,TA,TA,Y,185,95,0,0,0,0,NA,NA,0,6,2008,WD ,Normal,0,0,0,5,5,247222.28947377528
844,30,RM,50.0,5633,Pave,Reg,Lvl,Inside,Gtl,OldTown,1Fam,1Story,5,7,Gable,MetalSd,None,0.0,TA,TA,BrkTil,TA,Fa,No,Unf,0.0,Unf,0.0,844.0,844.0,TA,1,SBrkr,844,0,0,0.0,0.0,1,0,2,1,TA,5,Typ,0,NA,Detchd,Unf,1.0,216.0,TA,TA,N,50,81,123,0,0,0,NA,NA,0,7,2006,WD ,Normal,0,0,0,81,56,98345.98010140052
1628,80,RL,60.0,8400,NA,Reg,Lvl,Inside,Gtl,Gilbert,1Fam,SLvl,7,5,Gable,HdBoard,BrkFace,32.0,TA,TA,PConc,Gd,TA,No,GLQ,284.0,Unf,0.0,100.0,384.0,Gd,1,SBrkr,958,670,0,0.0,0.0,2,1,3,1,TA,7,Typ,1,TA,BuiltIn,Fin,2.0,390.0,TA,TA,Y,48,72,0,0,0,0,NA,Shed,490,6,2009,WD ,Normal,0,0,0,13,12,175454.02960043523
1868,20,RL,120.0,14780,NA,IR1,HLS,Corner,Mod,NridgHt,1Fam,1Story,9,5,Hip,VinylSd,BrkFace,568.0,Ex,TA,PConc,Ex,TA,Gd,GLQ,1505.0,Unf,0.0,363.0,1868.0,Ex,1,SBrkr,1868,0,0,1.0,0.0,2,0,2,1,Ex,7,Typ,1,Gd,Attchd,Fin,3.0,1085.0,TA,TA,Y,354,56,0,0,156,0,NA,NA,0,6,2006,WD ,Normal,0,0,0,1,1,424209.1691616213
1200,160,FV,30.0,3182,Pave,Reg,Lvl,Inside,Gtl,Somerst,TwnhsE,2Story,7,5,Gable,MetalSd,None,0.0,Gd,TA,PConc,Gd,TA,No,Unf,0.0,Unf,0.0,600.0,600.0,Ex,1,SBrkr,600,600,0,0.0,0.0,2,1,2,1,Gd,4,Typ,0,NA,Detchd,RFn,2.0,480.0,TA,TA,Y,0,172,0,0,0,0,NA,NA,0,6,2010,WD ,Normal,0,0,0,6,5,154134.26580054942
1491,20,RL,65.0,7777,NA,IR1,Lvl,Inside,Gtl,Timber,1Fam,1Story,6,5,Gable,VinylSd,BrkFace,203.0,Gd,TA,PConc,Ex,TA,No,Unf,0.0,Unf,0.0,1491.0,1491.0,Ex,1,SBrkr,1491,0,0,0.0,0.0,2,0,3,1,TA,7,Typ,1,TA,Attchd,Fin,2.0,571.0,TA,TA,Y,0,35,0,0,0,0,NA,NA,0,11,2007,WD ,Normal,0,0,0,11,11,180238.26184959404
1458,160,FV,34.0,3230,Pave,Reg,Lvl,Corner,Gtl,Somerst,TwnhsE,2Story,6,5,Gable,MetalSd,BrkFace,1129.0,TA,TA,PConc,Gd,TA,No,GLQ,419.0,Unf,0.0,310.0,729.0,Gd,1,SBrkr,729,729,0,0.0,0.0,2,1,2,1,TA,5,Typ,1,Fa,Detchd,Unf,2.0,440.0,TA,TA,Y,0,32,0,0,0,0,NA,NA,0,6,2007,WD ,Normal,0,0,0,8,8,175035.11542883544
1288,120,RL,38.0,14963,NA,IR2,Lvl,Inside,Gtl,Veenker,TwnhsE,1Story,8,5,Gable,BrkFace,None,0.0,Gd,TA,PConc,Gd,TA,No,GLQ,786.0,Unf,0.0,474.0,1260.0,Ex,1,SBrkr,1288,0,0,1.0,0.0,1,1,1,1,Ex,4,Typ,2,Gd,Attchd,Fin,2.0,500.0,TA,TA,Y,120,30,0,0,224,0,NA,NA,0,12,2008,WD ,Normal,0,0,0,12,12,257336.3893288439
1832,90,RL,72.0,10773,NA,Reg,Lvl,Inside,Gtl,Sawyer,Duplex,1Story,4,3,Gable,Plywood,BrkFace,72.0,Fa,Fa,CBlock,TA,TA,No,ALQ,704.0,Unf,0.0,1128.0,1832.0,TA,0,SBrkr,1832,0,0,2.0,0.0,2,0,4,2,TA,8,Typ,0,NA,NA,NA,0.0,0.0,NA,NA,Y,0,58,0,0,0,0,NA,NA,0,5,2010,WD ,Normal,0,0,0,43,43,118254.64844074695
1852,60,RL,73.0,9066,NA,IR1,Lvl,Inside,Gtl,CollgCr,1Fam,2Story,8,5,Gable,VinylSd,BrkFace,320.0,Gd,TA,PConc,Gd,TA,Mn,GLQ,668.0,Unf,0.0,336.0,1004.0,Ex,1,SBrkr,1004,848,0,0.0,0.0,2,1,3,1,Gd,7,Typ,2,TA,Attchd,Fin,3.0,660.0,TA,TA,Y,224,106,0,0,0,0,GdPrv,NA,0,12,2008,WD ,Normal,0,0,0,9,8,245218.91438923727
1092,160,RM,21.0,1476,NA,Reg,Lvl,Inside,Gtl,MeadowV,Twnhs,2Story,4,7,Gable,CemntBd,None,0.0,TA,TA,CBlock,TA,TA,No,GLQ,176.0,Unf,0.0,370.0,546.0,Ex,1,SBrkr,546,546,0,0.0,0.0,1,1,3,1,TA,5,Typ,0,NA,NA,NA,0.0,0.0,NA,NA,Y,200,26,0,0,0,0,NA,NA,0,3,2010,WD ,Normal,0,0,0,40,40,93298.33225241998
2288,60,RL,65.0,13774,NA,IR1,Lvl,Inside,Gtl,NWAmes,1Fam,2Story,7,7,Hip,HdBoard,BrkFace,283.0,TA,Gd,PConc,Gd,TA,No,GLQ,432.0,Unf,0.0,476.0,908.0,Ex,1,SBrkr,1316,972,0,0.0,0.0,1,2,4,1,Gd,8,Typ,2,TA,Attchd,RFn,2.0,520.0,TA,TA,Y,321,72,0,0,156,0,NA,NA,0,11,2009,WD ,Normal,0,0,0,32,17,245333.72368668864
1872,60,RL,65.0,11885,NA,Reg,Lvl,Inside,Gtl,CollgCr,1Fam,2Story,8,5,Gable,VinylSd,BrkFace,108.0,Gd,TA,PConc,Gd,TA,Av,GLQ,990.0,Unf,0.0,309.0,1299.0,Ex,1,SBrkr,1299,573,0,1.0,0.0,2,1,3,1,Ex,7,Typ,1,TA,BuiltIn,RFn,2.0,531.0,TA,TA,Y,160,122,0,0,0,0,NA,NA,0,11,2009,WD ,Normal,0,0,0,8,8,259314.93751584523
836,120,RL,24.0,2104,NA,Reg,Lvl,Inside,Gtl,NPkVill,TwnhsE,1Story,7,6,Gable,Plywood,None,0.0,TA,TA,CBlock,TA,TA,No,ALQ,536.0,Unf,0.0,300.0,836.0,TA,1,SBrkr,836,0,0,0.0,1.0,1,0,2,1,TA,5,Typ,0,NA,Attchd,Unf,1.0,345.0,TA,TA,Y,150,20,0,0,0,0,NA,NA,0,10,2009,WD ,Normal,0,0,0,33,33,122118.28328284252
1291,120,RL,65.0,2887,NA,Reg,HLS,Inside,Gtl,ClearCr,1Fam,1Story,6,5,Gable,Wd Sdng,None,0.0,TA,TA,PConc,Gd,TA,Mn,GLQ,1003.0,Unf,0.0,288.0,1291.0,Ex,1,SBrkr,1291,0,0,1.0,0.0,1,0,2,1,Gd,6,Typ,1,Gd,Attchd,Unf,2.0,431.0,TA,TA,Y,307,0,0,0,0,0,NA,NA,0,11,2008,WD ,Normal,0,0,0,12,11,182878.18478592887
836,120,RL,24.0,2280,NA,Reg,Lvl,FR2,Gtl,NPkVill,Twnhs,1Story,7,6,Gable,Plywood,None,0.0,TA,TA,CBlock,Gd,TA,No,Unf,0.0,Unf,0.0,836.0,836.0,Ex,1,SBrkr,836,0,0,0.0,0.0,1,0,2,1,TA,4,Typ,0,NA,Attchd,Unf,1.0,308.0,TA,TA,Y,0,30,0,0,0,0,NA,NA,0,6,2010,WD ,Normal,0,0,0,35,35,114812.33227449242
1991,50,RL,80.0,11275,NA,IR1,HLS,Corner,Mod,Crawfor,1Fam,1.5Fin,6,7,Gable,MetalSd,BrkFace,480.0,TA,TA,CBlock,TA,TA,Mn,Rec,297.0,LwQ,557.0,0.0,854.0,TA,1,SBrkr,1096,895,0,0.0,0.0,1,1,3,1,TA,7,Typ,1,Gd,Detchd,Unf,2.0,432.0,TA,Fa,Y,0,0,19,0,0,0,NA,NA,0,3,2007,WD ,Normal,0,0,0,75,57,197974.84392286805
858,20,RL,80.0,8125,NA,IR1,Lvl,Corner,Gtl,NAmes,1Fam,1Story,4,4,Gable,HdBoard,None,0.0,TA,TA,CBlock,TA,TA,No,BLQ,614.0,Unf,0.0,244.0,858.0,TA,1,SBrkr,858,0,0,0.0,0.0,1,0,3,1,TA,5,Typ,0,NA,NA,NA,0.0,0.0,NA,NA,Y,0,0,0,0,0,0,NA,NA,0,6,2006,WD ,Normal,0,0,0,35,35,89144.74271542853
2020,90,RH,60.0,8400,NA,Reg,Lvl,Inside,Gtl,SawyerW,Duplex,1Story,5,5,Gable,Plywood,BrkFace,320.0,TA,TA,Slab,NA,NA,NA,NA,0.0,NA,0.0,0.0,0.0,TA,1,SBrkr,2020,0,0,0.0,0.0,2,0,4,2,TA,10,Typ,2,TA,Detchd,Unf,2.0,630.0,TA,TA,Y,0,0,0,0,0,0,NA,NA,0,10,2007,WD ,Normal,0,1,0,30,30,138647.32347822713
1564,20,RL,85.0,11058,NA,Reg,Lvl,Corner,Gtl,CollgCr,1Fam,1Story,7,6,Gable,VinylSd,Stone,212.0,Gd,TA,PConc,Gd,TA,No,GLQ,56.0,Unf,0.0,1508.0,1564.0,Ex,1,SBrkr,1564,0,0,0.0,0.0,2,0,3,1,Gd,6,Typ,0,NA,Attchd,RFn,3.0,814.0,TA,TA,Y,0,24,0,0,0,0,NA,NA,0,2,2008,WD ,Normal,0,0,0,1,1,211252.72278009402
1477,50,RL,52.0,6292,NA,Reg,Lvl,Inside,Gtl,SWISU,1Fam,1.5Fin,7,7,Gable,Wd Sdng,None,0.0,TA,TA,BrkTil,TA,TA,No,Unf,0.0,Unf,0.0,861.0,861.0,Gd,1,SBrkr,877,600,0,0.0,1.0,2,0,3,1,TA,6,Typ,1,Gd,Detchd,Unf,1.0,216.0,TA,TA,Y,0,50,0,0,0,0,NA,NA,0,8,2009,WD ,Normal,0,0,0,81,59,157691.43651062855
2225,60,RL,88.0,11134,NA,Reg,Lvl,Inside,Gtl,NoRidge,1Fam,2Story,8,5,Gable,HdBoard,BrkFace,180.0,Gd,TA,PConc,Gd,TA,No,GLQ,1129.0,Unf,0.0,261.0,1390.0,Ex,1,SBrkr,1402,823,0,1.0,0.0,2,1,4,1,Gd,7,Typ,1,TA,Attchd,RFn,3.0,713.0,TA,TA,Y,198,30,0,0,0,0,NA,NA,0,6,2010,WD ,Normal,0,0,0,18,17,295268.3874934081
1360,50,RM,60.0,7200,NA,Reg,Lvl,Corner,Gtl,IDOTRR,1Fam,1.5Fin,5,6,Gable,Wd Sdng,None,0.0,TA,TA,CBlock,TA,TA,No,Unf,0.0,Unf,0.0,803.0,803.0,Ex,1,SBrkr,803,557,0,0.0,0.0,1,1,2,1,Gd,6,Typ,0,NA,Detchd,Unf,1.0,297.0,TA,TA,Y,0,65,190,0,0,0,MnPrv,NA,0,7,2006,WD ,Normal,0,0,0,68,11,129268.90274342186
914,20,RL,75.0,8050,NA,Reg,Lvl,Inside,Gtl,Edwards,1Fam,1Story,6,5,Gable,VinylSd,None,0.0,TA,TA,PConc,Gd,TA,Av,GLQ,475.0,ALQ,297.0,142.0,914.0,Ex,1,SBrkr,914,0,0,1.0,0.0,1,0,2,1,Gd,4,Typ,0,NA,NA,NA,0.0,0.0,NA,NA,N,32,0,0,0,0,0,NA,NA,0,4,2006,WD ,Normal,0,0,0,4,4,135896.89642791878
2233,90,RL,49.0,9555,NA,IR1,Lvl,CulDSac,Gtl,Edwards,Duplex,2Story,5,6,Gable,Plywood,None,0.0,TA,TA,Slab,NA,NA,NA,NA,0.0,NA,0.0,0.0,0.0,TA,1,SBrkr,1100,1133,0,0.0,0.0,2,1,5,2,TA,11,Typ,0,NA,Attchd,Fin,2.0,579.0,TA,Gd,Y,0,0,0,0,0,0,NA,NA,0,2,2007,WD ,Normal,0,0,0,28,28,151444.25228293595
949,30,RM,50.0,6000,NA,Reg,HLS,Inside,Gtl,BrkSide,1Fam,1Story,5,7,Gable,Wd Sdng,None,0.0,TA,Fa,BrkTil,TA,Fa,No,Unf,0.0,Unf,0.0,949.0,949.0,Ex,1,SBrkr,949,0,0,0.0,0.0,1,0,2,1,TA,5,Typ,1,Fa,Detchd,Unf,2.0,370.0,TA,TA,Y,0,0,48,0,0,0,NA,NA,0,7,2008,WD ,Normal,0,0,0,84,5,120149.21376269539
1642,60,RL,49.0,7655,NA,IR1,Lvl,CulDSac,Gtl,Gilbert,1Fam,2Story,6,5,Gable,HdBoard,None,0.0,TA,TA,PConc,Gd,TA,No,Unf,0.0,Unf,0.0,903.0,903.0,Gd,1,SBrkr,910,732,0,0.0,0.0,2,1,3,1,TA,7,Typ,1,TA,Attchd,RFn,2.0,392.0,TA,TA,Y,290,84,0,0,0,0,NA,NA,0,7,2007,WD ,Normal,0,0,0,14,13,173560.29468058754
1432,20,RL,76.0,9139,NA,IR1,Lvl,Inside,Gtl,Somerst,1Fam,1Story,8,5,Hip,VinylSd,Stone,206.0,Gd,TA,PConc,Ex,TA,Av,GLQ,379.0,Unf,0.0,1043.0,1422.0,Ex,1,SBrkr,1432,0,0,0.0,0.0,2,0,3,1,Gd,7,Typ,1,Gd,Attchd,Fin,2.0,492.0,TA,TA,Y,297,50,0,0,0,0,NA,NA,0,9,2009,WD ,Normal,0,0,0,3,3,236690.7763535195
936,120,RM,62.0,6710,NA,IR1,Lvl,FR3,Gtl,Mitchel,TwnhsE,SFoyer,6,5,Gable,VinylSd,BrkFace,134.0,TA,TA,PConc,Ex,TA,Av,Rec,16.0,GLQ,904.0,0.0,920.0,Ex,1,SBrkr,936,0,0,2.0,0.0,0,1,0,1,TA,3,Typ,0,NA,Attchd,Fin,2.0,460.0,TA,TA,Y,0,40,0,0,0,0,NA,NA,0,6,2007,WD ,Normal,0,0,0,11,10,147131.09421383898
882,20,RL,60.0,11556,NA,Reg,Lvl,Inside,Gtl,NAmes,1Fam,1Story,5,6,Gable,MetalSd,Stone,52.0,TA,TA,CBlock,TA,TA,No,Rec,148.0,Unf,0.0,572.0,720.0,Ex,1,FuseA,882,0,0,1.0,0.0,1,0,2,1,Gd,4,Typ,0,NA,Attchd,Unf,1.0,240.0,TA,TA,Y,0,0,0,0,0,0,MnPrv,NA,0,5,2008,WD ,Normal,0,0,0,56,56,114916.92648363204
1304,160,RM,41.0,2665,NA,Reg,Lvl,Inside,Gtl,MeadowV,TwnhsE,2Story,5,6,Gable,CemntBd,None,0.0,TA,TA,PConc,Gd,TA,Mn,Unf,0.0,Unf,0.0,264.0,264.0,TA,1,SBrkr,616,688,0,0.0,0.0,1,1,3,1,TA,5,Typ,1,TA,BuiltIn,RFn,1.0,336.0,TA,TA,Y,141,0,0,0,0,0,NA,NA,0,5,2006,WD ,Normal,0,0,0,29,29,113333.3883862665
1701,85,RL,49.0,16647,NA,IR1,Lvl,CulDSac,Gtl,Sawyer,1Fam,SFoyer,5,5,Gable,HdBoard,None,0.0,TA,TA,CBlock,Gd,TA,Gd,ALQ,1390.0,Unf,0.0,0.0,1390.0,TA,1,SBrkr,1701,0,0,1.0,0.0,2,0,3,1,TA,6,Min2,2,TA,Basment,Fin,2.0,611.0,TA,TA,Y,0,0,0,0,0,0,NA,NA,0,1,2007,WD ,Normal,1,0,0,32,26,184293.08505010605
948,20,RL,75.0,10215,NA,Reg,Bnk,Inside,Gtl,Edwards,1Fam,1Story,4,5,Hip,Wd Sdng,BrkFace,132.0,TA,TA,PConc,TA,TA,No,ALQ,492.0,Unf,0.0,372.0,864.0,Ex,1,SBrkr,948,0,0,0.0,0.0,1,0,3,1,TA,5,Typ,0,NA,Attchd,Unf,1.0,248.0,TA,TA,Y,0,0,0,0,0,0,NA,NA,0,2,2007,WD ,Normal,0,0,0,53,53,113914.76657530066
1050,20,RL,65.0,8510,NA,IR1,Lvl,Inside,Gtl,NAmes,1Fam,1Story,5,7,Gable,Plywood,BrkFace,178.0,TA,TA,CBlock,Gd,TA,No,ALQ,500.0,Unf,0.0,543.0,1043.0,Ex,1,SBrkr,1050,0,0,1.0,0.0,1,1,3,1,TA,6,Typ,0,NA,Attchd,Unf,1.0,336.0,TA,TA,Y,0,0,0,0,0,0,NA,NA,0,7,2009,WD ,Normal,0,0,0,38,38,141297.00871674533
1154,20,RL,49.0,11000,NA,IR1,Lvl,CulDSac,Gtl,NAmes,1Fam,1Story,5,6,Gable,Plywood,BrkFace,200.0,TA,TA,CBlock,TA,TA,Mn,BLQ,740.0,Rec,230.0,184.0,1154.0,Ex,1,SBrkr,1154,0,0,0.0,0.0,1,1,3,1,TA,6,Typ,1,Po,Attchd,RFn,2.0,480.0,TA,TA,Y,0,58,0,0,0,0,MnPrv,NA,0,11,2009,WD ,Normal,0,0,0,43,43,144663.39837732568
864,20,RL,65.0,7832,NA,Reg,Lvl,Inside,Gtl,Sawyer,1Fam,1Story,5,5,Hip,HdBoard,None,0.0,TA,TA,CBlock,TA,TA,No,GLQ,775.0,Unf,0.0,89.0,864.0,Ex,1,SBrkr,864,0,0,1.0,0.0,1,0,2,1,TA,4,Typ,0,NA,Detchd,Unf,1.0,280.0,TA,TA,Y,226,0,0,0,0,0,NA,NA,0,5,2010,WD ,Normal,0,0,0,42,42,127164.7068054928
1721,20,RL,71.0,9254,NA,IR1,Lvl,Inside,Gtl,NridgHt,1Fam,1Story,8,5,Gable,VinylSd,BrkFace,210.0,Gd,TA,PConc,Gd,TA,No,GLQ,119.0,Unf,0.0,1602.0,1721.0,Ex,1,SBrkr,1721,0,0,1.0,0.0,2,0,3,1,Gd,7,Typ,0,NA,Attchd,RFn,2.0,554.0,TA,TA,Y,168,27,0,0,0,0,NA,NA,0,1,2007,WD ,Normal,0,0,0,2,2,222546.59350076746
2138,75,RM,90.0,8100,NA,Reg,Lvl,Corner,Gtl,OldTown,1Fam,2.5Unf,5,5,Hip,AsbShng,None,0.0,TA,TA,PConc,TA,TA,No,Unf,0.0,Unf,0.0,849.0,849.0,TA,0,FuseA,1075,1063,0,0.0,0.0,2,0,2,3,TA,11,Typ,0,NA,Detchd,Unf,2.0,360.0,Fa,Po,N,40,156,0,0,0,0,MnPrv,NA,0,11,2009,WD ,Normal,0,0,0,111,44,120556.0834619187
2063,20,RL,49.0,10750,NA,IR1,Lvl,CulDSac,Gtl,NoRidge,1Fam,1Story,8,5,Hip,Wd Sdng,BrkFace,634.0,Gd,TA,PConc,Gd,TA,Av,BLQ,236.0,GLQ,1526.0,262.0,2024.0,Ex,1,SBrkr,2063,0,0,1.0,0.0,2,0,3,1,Gd,7,Typ,2,Gd,Attchd,Fin,3.0,815.0,TA,TA,Y,182,56,0,0,0,0,NA,NA,0,6,2009,WD ,Normal,0,0,0,15,14,333438.15428405796
1098,70,RL,63.0,4000,NA,Reg,Lvl,Inside,Gtl,Crawfor,1Fam,2Story,7,8,Gable,Wd Sdng,None,0.0,TA,TA,BrkTil,Gd,TA,No,GLQ,246.0,Unf,0.0,285.0,531.0,TA,1,SBrkr,567,531,0,1.0,0.0,1,0,2,1,TA,5,Typ,1,Gd,Detchd,Unf,1.0,216.0,TA,TA,Y,0,0,0,0,0,0,MnPrv,NA,0,6,2007,WD ,Normal,0,0,0,77,12,135071.99812944568
1664,90,RL,65.0,8385,NA,Reg,Lvl,Inside,Gtl,Mitchel,Duplex,1Story,6,5,Gable,Plywood,None,0.0,TA,TA,CBlock,TA,TA,Mn,Unf,0.0,Unf,0.0,1664.0,1664.0,TA,1,SBrkr,1664,0,0,0.0,0.0,2,0,4,2,TA,10,Typ,0,NA,2Types,Unf,2.0,616.0,TA,TA,Y,0,0,0,0,0,0,NA,NA,0,10,2006,WD ,Normal,0,0,0,28,28,148949.8536354708
2418,60,RL,96.0,10542,NA,Reg,Lvl,Inside,Gtl,NoRidge,1Fam,2Story,7,5,Hip,Wd Sdng,BrkFace,651.0,Gd,TA,PConc,Gd,TA,Gd,GLQ,1173.0,Unf,0.0,138.0,1311.0,Ex,1,SBrkr,1325,1093,0,1.0,0.0,2,1,3,1,Gd,9,Typ,1,TA,Attchd,RFn,3.0,983.0,TA,TA,Y,250,154,216,0,0,0,NA,NA,0,8,2008,WD ,Normal,0,0,0,15,14,317133.37009224284
1384,20,RL,70.0,13300,NA,Reg,Lvl,Inside,Gtl,NAmes,1Fam,1Story,5,5,Hip,Wd Sdng,None,0.0,TA,TA,CBlock,TA,TA,No,Rec,494.0,Unf,0.0,521.0,1015.0,Gd,1,SBrkr,1384,0,0,1.0,0.0,1,0,2,1,TA,6,Min1,0,NA,Attchd,Unf,2.0,896.0,TA,TA,Y,75,0,0,323,0,0,NA,Shed,400,6,2006,WD ,Normal,0,0,0,50,5,146235.77742257254
1478,20,RL,70.0,8400,NA,Reg,Lvl,Inside,Gtl,NAmes,1Fam,1Story,6,3,Hip,BrkFace,None,0.0,TA,TA,CBlock,TA,TA,No,ALQ,189.0,Rec,661.0,628.0,1478.0,Gd,1,SBrkr,1478,0,0,1.0,0.0,1,1,3,1,TA,6,Typ,2,Gd,Attchd,RFn,2.0,442.0,TA,TA,Y,114,0,0,0,216,0,NA,NA,0,6,2009,WD ,Normal,0,0,0,52,52,149429.2827420019
1904,50,RL,60.0,7200,NA,Reg,Lvl,Inside,Gtl,NAmes,1Fam,1.5Fin,5,4,Gable,VinylSd,None,0.0,TA,TA,CBlock,TA,TA,No,Rec,180.0,BLQ,352.0,676.0,1208.0,Gd,1,FuseA,1136,768,0,1.0,0.0,1,1,3,1,TA,7,Min1,0,NA,Attchd,Unf,1.0,240.0,TA,TA,Y,0,0,168,0,0,0,GdPrv,NA,0,5,2009,WD ,Normal,0,0,0,59,27,126751.3134905024
1126,20,RL,80.0,15611,NA,IR1,Lvl,Corner,Gtl,NWAmes,1Fam,1Story,5,6,Gable,VinylSd,None,0.0,TA,TA,PConc,Gd,TA,Av,ALQ,767.0,LwQ,93.0,266.0,1126.0,TA,1,SBrkr,1126,0,0,0.0,1.0,2,0,3,1,Ex,6,Typ,0,NA,Attchd,RFn,2.0,540.0,TA,TA,Y,180,0,0,0,0,0,NA,NA,0,3,2008,WD ,Abnorml,0,0,0,31,31,144464.7678332985
1450,20,RL,61.0,7328,NA,Reg,Lvl,Inside,Gtl,SawyerW,1Fam,1Story,7,5,Gable,VinylSd,BrkFace,140.0,Gd,TA,PConc,Gd,TA,No,Unf,0.0,Unf,0.0,1450.0,1450.0,Ex,1,SBrkr,1450,0,0,0.0,0.0,2,0,2,1,Gd,6,Typ,0,NA,Attchd,RFn,3.0,788.0,TA,TA,Y,0,93,0,0,0,0,NA,NA,0,2,2009,New,Partial,0,0,0,1,0,202694.8280134288
1320,50,RL,60.0,8064,NA,Reg,Lvl,Inside,Gtl,NAmes,1Fam,1.5Fin,6,6,Gable,Wd Sdng,None,0.0,TA,TA,CBlock,TA,TA,No,ALQ,315.0,Unf,0.0,453.0,768.0,Ex,1,SBrkr,819,501,0,0.0,0.0,2,0,3,1,TA,5,Typ,0,NA,Detchd,Unf,2.0,576.0,TA,TA,Y,108,0,0,0,0,0,GdWo,NA,0,9,2008,WD ,Normal,0,1,0,60,58,130282.34667355422
950,20,RL,61.0,9758,NA,IR1,Lvl,Inside,Gtl,NAmes,1Fam,1Story,5,5,Gable,HdBoard,None,0.0,TA,TA,CBlock,TA,TA,No,BLQ,412.0,LwQ,287.0,251.0,950.0,TA,1,SBrkr,950,0,0,0.0,0.0,1,0,3,1,TA,5,Typ,0,NA,Detchd,Unf,1.0,280.0,TA,TA,Y,0,0,0,0,0,0,NA,NA,0,7,2007,WD ,Normal,0,0,0,36,36,121748.81874822434
1478,120,RL,61.0,7380,NA,IR1,Lvl,Corner,Gtl,StoneBr,1Fam,1Story,8,5,Gable,CemntBd,None,0.0,TA,TA,PConc,Gd,TA,Av,GLQ,341.0,Unf,0.0,1077.0,1418.0,Ex,1,SBrkr,1478,0,0,1.0,0.0,2,0,2,1,TA,5,Typ,0,NA,Attchd,Fin,2.0,495.0,TA,TA,Y,168,43,0,0,0,0,NA,NA,0,7,2009,WD ,Normal,0,0,0,11,11,208878.75205355085
1584,90,RL,65.0,8917,NA,IR1,Lvl,Inside,Gtl,NAmes,Duplex,1Story,5,5,Gable,Plywood,None,0.0,TA,TA,CBlock,TA,TA,No,Unf,0.0,Unf,0.0,1584.0,1584.0,TA,1,SBrkr,1584,0,0,0.0,0.0,2,0,4,2,TA,8,Typ,0,NA,Detchd,Unf,2.0,506.0,TA,TA,Y,0,0,0,0,0,0,NA,NA,0,10,2006,WD ,Normal,0,0,0,39,39,135183.85693283883
1172,20,RL,75.0,9525,NA,Reg,Lvl,Inside,Gtl,Edwards,1Fam,1Story,5,7,Gable,WdShing,None,0.0,TA,TA,CBlock,TA,TA,Av,BLQ,954.0,Unf,0.0,218.0,1172.0,TA,1,SBrkr,1172,0,0,1.0,0.0,1,0,3,1,TA,5,Typ,0,NA,Attchd,Fin,1.0,366.0,TA,TA,Y,240,0,0,0,0,0,NA,NA,0,6,2010,WD ,Normal,0,0,0,56,12,149705.37256593263
1252,160,FV,24.0,2160,Pave,Reg,Lvl,Inside,Gtl,Somerst,Twnhs,2Story,7,5,Gable,MetalSd,BrkFace,212.0,Gd,TA,PConc,Gd,TA,No,BLQ,510.0,Unf,0.0,90.0,600.0,Ex,1,SBrkr,624,628,0,1.0,0.0,2,1,2,1,Gd,4,Typ,0,NA,Detchd,Unf,2.0,462.0,TA,TA,Y,0,48,0,0,0,0,NA,NA,0,3,2008,WD ,Normal,0,0,0,9,8,164588.79922517706
967,30,RM,56.0,3153,Grvl,Reg,Lvl,Inside,Gtl,OldTown,1Fam,1Story,5,6,Gable,MetalSd,None,0.0,TA,TA,BrkTil,TA,TA,No,Unf,0.0,Unf,0.0,967.0,967.0,Gd,1,SBrkr,967,0,0,0.0,0.0,1,0,2,1,TA,5,Typ,1,Gd,Detchd,Unf,1.0,180.0,Fa,TA,N,0,0,26,0,0,0,NA,NA,0,7,2007,WD ,Normal,0,0,0,87,17,101435.94241186032
1094,20,RL,60.0,12450,NA,Reg,Lvl,Inside,Gtl,SawyerW,1Fam,1Story,5,5,Gable,VinylSd,BrkFace,126.0,Gd,TA,PConc,Gd,TA,No,GLQ,729.0,Unf,0.0,365.0,1094.0,Ex,1,SBrkr,1094,0,0,1.0,0.0,1,0,3,1,Gd,6,Typ,0,NA,Detchd,Unf,2.0,576.0,TA,TA,Y,0,0,0,0,0,0,NA,NA,0,5,2007,WD ,Normal,1,0,0,4,3,154723.16496254544
1600,20,RL,110.0,14230,NA,Reg,Lvl,Corner,Gtl,NridgHt,1Fam,1Story,8,5,Gable,VinylSd,Stone,640.0,Gd,TA,PConc,Gd,TA,No,Unf,0.0,Unf,0.0,1566.0,1566.0,Ex,1,SBrkr,1600,0,0,0.0,0.0,2,0,3,1,Gd,7,Typ,1,Gd,Attchd,RFn,3.0,890.0,TA,TA,Y,0,56,0,0,0,0,NA,NA,0,7,2009,WD ,Normal,0,0,0,2,2,253556.7664761632
1008,20,RL,80.0,11425,NA,IR1,Lvl,Corner,Gtl,NAmes,1Fam,1Story,5,6,Gable,BrkFace,None,0.0,TA,TA,CBlock,TA,TA,No,BLQ,486.0,Unf,0.0,522.0,1008.0,Gd,1,SBrkr,1008,0,0,0.0,0.0,1,0,2,1,TA,4,Typ,1,Gd,Attchd,RFn,1.0,275.0,TA,TA,Y,0,0,120,0,0,0,NA,NA,0,7,2006,WD ,Normal,0,0,0,52,52,132770.11602289134
2196,20,RL,90.0,14684,NA,IR1,Lvl,CulDSac,Gtl,SawyerW,1Fam,1Story,7,7,Hip,HdBoard,BrkFace,234.0,Gd,TA,CBlock,Gd,TA,Mn,ALQ,485.0,BLQ,177.0,1496.0,2158.0,Gd,1,SBrkr,2196,0,0,0.0,0.0,2,0,3,1,Gd,7,Typ,1,TA,Attchd,RFn,3.0,701.0,TA,TA,Y,84,70,0,0,0,0,NA,NA,0,6,2009,WD ,Normal,0,0,0,19,18,277494.322764465
752,120,RL,50.0,7175,NA,Reg,Lvl,Inside,Gtl,SawyerW,TwnhsE,1Story,6,5,Gable,Plywood,None,0.0,TA,TA,CBlock,Gd,TA,No,ALQ,623.0,LwQ,121.0,0.0,744.0,TA,1,SBrkr,752,0,0,1.0,0.0,1,0,2,1,TA,4,Typ,0,NA,Attchd,Unf,1.0,264.0,TA,TA,Y,353,0,0,0,90,0,MnPrv,NA,0,2,2010,WD ,Normal,0,0,0,26,26,123156.86340360991
1563,20,RL,78.0,10206,NA,Reg,Lvl,Inside,Gtl,Somerst,1Fam,1Story,8,5,Gable,VinylSd,Stone,468.0,TA,TA,PConc,Gd,TA,No,GLQ,33.0,Unf,0.0,1530.0,1563.0,Ex,1,SBrkr,1563,0,0,0.0,0.0,2,0,3,1,Gd,6,Typ,1,Gd,Attchd,RFn,3.0,758.0,TA,TA,Y,144,99,0,0,0,0,NA,NA,0,10,2008,WD ,Normal,0,0,0,1,1,246126.1233711348
1319,20,RL,79.0,10634,NA,Reg,Lvl,Inside,Gtl,NAmes,1Fam,1Story,5,6,Gable,MetalSd,None,0.0,TA,TA,PConc,TA,TA,No,BLQ,428.0,LwQ,180.0,0.0,608.0,TA,1,SBrkr,1319,0,0,1.0,0.0,1,0,3,1,TA,5,Min2,0,NA,Attchd,Unf,1.0,270.0,TA,TA,Y,66,0,0,0,0,0,GdWo,NA,0,11,2009,WD ,Normal,0,0,0,56,56,121205.09388995508
1479,60,RL,49.0,7472,NA,IR1,Lvl,CulDSac,Gtl,NAmes,1Fam,2Story,7,9,Gable,HdBoard,BrkFace,138.0,TA,TA,CBlock,TA,TA,No,ALQ,626.0,Unf,0.0,99.0,725.0,Gd,1,SBrkr,725,754,0,1.0,0.0,1,1,4,1,Gd,7,Typ,0,NA,Attchd,Fin,2.0,484.0,TA,TA,Y,0,32,0,0,0,0,NA,NA,0,6,2007,WD ,Normal,0,0,0,35,3,169611.89861518933
2088,60,RL,74.0,8899,NA,Reg,Lvl,Inside,Gtl,NridgHt,1Fam,2Story,8,5,Hip,VinylSd,Stone,108.0,Ex,TA,PConc,Gd,TA,Av,GLQ,40.0,Unf,0.0,908.0,948.0,Ex,1,SBrkr,948,1140,0,0.0,0.0,2,1,4,1,Gd,10,Typ,1,Gd,BuiltIn,Fin,3.0,656.0,TA,TA,Y,100,24,0,0,0,0,NA,NA,0,6,2008,WD ,Normal,0,0,0,1,1,257982.7424163405
1229,160,RM,24.0,1488,NA,Reg,Lvl,Inside,Gtl,Blueste,TwnhsE,2Story,6,6,Gable,MetalSd,None,0.0,TA,Gd,CBlock,Gd,TA,Mn,ALQ,471.0,Unf,0.0,90.0,561.0,TA,1,SBrkr,561,668,0,1.0,0.0,1,1,2,1,Gd,5,Typ,1,TA,Attchd,Fin,2.0,462.0,TA,TA,Y,176,0,0,0,0,0,GdPrv,NA,0,10,2009,WD ,Normal,0,0,0,29,17,135524.1090232541
1296,90,RL,72.0,10791,NA,Reg,Lvl,Inside,Gtl,Sawyer,Duplex,1Story,4,5,Gable,MetalSd,None,0.0,TA,TA,Slab,NA,NA,NA,NA,0.0,NA,0.0,0.0,0.0,TA,1,SBrkr,1296,0,0,0.0,0.0,2,0,2,2,TA,6,Typ,0,NA,CarPort,Unf,2.0,516.0,TA,TA,Y,0,0,0,0,0,0,NA,Shed,500,10,2006,WD ,Normal,0,0,0,39,39,111099.17054086176
1170,20,RL,70.0,7315,NA,Reg,Lvl,Inside,Gtl,NAmes,1Fam,1Story,5,6,Hip,BrkFace,None,0.0,TA,TA,CBlock,TA,TA,No,Rec,625.0,Unf,0.0,545.0,1170.0,TA,1,SBrkr,1170,0,0,0.0,1.0,1,0,3,1,TA,6,Typ,1,TA,Attchd,RFn,1.0,338.0,TA,TA,Y,0,0,0,0,225,0,NA,NA,0,3,2007,WD ,Normal,0,0,0,49,49,137914.60981865006
1576,50,RM,52.0,6240,NA,Reg,Lvl,Inside,Gtl,BrkSide,1Fam,1.5Fin,5,6,Gable,MetalSd,None,0.0,TA,TA,BrkTil,TA,TA,No,Unf,0.0,Unf,0.0,1042.0,1042.0,Ex,1,SBrkr,1042,534,0,0.0,0.0,1,0,3,1,TA,8,Typ,1,Gd,Detchd,Unf,1.0,225.0,TA,TA,Y,0,0,0,0,0,0,NA,NA,0,8,2006,WD ,Family,0,0,0,78,56,140916.21920722543
1743,20,RL,87.0,10367,NA,IR1,Lvl,Inside,Gtl,NridgHt,1Fam,1Story,9,5,Hip,VinylSd,Stone,284.0,Ex,TA,PConc,Ex,TA,Mn,GLQ,1015.0,Unf,0.0,724.0,1739.0,Ex,1,SBrkr,1743,0,0,1.0,0.0,2,0,3,1,Ex,8,Typ,1,Gd,Attchd,RFn,3.0,927.0,TA,TA,Y,168,45,0,0,0,0,NA,NA,0,6,2009,ConLI,Normal,0,0,0,1,1,331739.91602485685
1426,60,RL,75.0,7950,NA,IR1,Bnk,Corner,Gtl,Edwards,1Fam,2Story,6,6,Hip,HdBoard,BrkFace,140.0,TA,TA,CBlock,TA,TA,No,BLQ,535.0,Unf,0.0,155.0,690.0,TA,1,SBrkr,698,728,0,0.0,0.0,1,1,3,1,TA,6,Typ,0,NA,Attchd,Fin,2.0,440.0,TA,TA,Y,252,0,0,0,0,0,MnPrv,NA,0,7,2009,WD ,Normal,0,0,0,32,32,147794.6044614224
1710,20,RL,43.0,12118,NA,IR1,Lvl,CulDSac,Gtl,Mitchel,1Fam,1Story,7,5,Hip,VinylSd,Stone,108.0,Gd,TA,PConc,Ex,TA,Mn,Unf,0.0,Unf,0.0,1710.0,1710.0,Ex,1,SBrkr,1710,0,0,0.0,0.0,2,0,3,1,Gd,7,Typ,1,Gd,Attchd,Fin,2.0,550.0,TA,TA,Y,100,48,0,0,180,0,NA,NA,0,4,2009,WD ,Normal,0,0,0,5,4,229976.72979409705
2466,60,FV,102.0,11143,NA,IR1,Lvl,Corner,Gtl,Somerst,1Fam,2Story,8,5,Gable,CemntBd,None,0.0,Gd,TA,PConc,Gd,TA,No,Unf,0.0,Unf,0.0,1580.0,1580.0,Ex,1,SBrkr,1580,886,0,0.0,0.0,3,0,4,1,Gd,8,Typ,1,Gd,Attchd,RFn,2.0,610.0,TA,TA,Y,159,214,0,0,0,0,NA,NA,0,12,2007,WD ,Normal,0,0,0,3,2,290363.6977589274
1437,20,RL,90.0,10768,NA,IR1,Lvl,Corner,Gtl,Veenker,1Fam,1Story,5,8,Gable,Plywood,None,0.0,Gd,Gd,CBlock,Gd,TA,Gd,ALQ,1157.0,Unf,0.0,280.0,1437.0,TA,1,SBrkr,1437,0,0,1.0,0.0,2,0,3,1,Gd,6,Typ,1,Fa,Attchd,RFn,2.0,528.0,TA,TA,Y,0,21,0,0,180,0,NA,NA,0,7,2007,WD ,Normal,0,0,0,31,3,203071.1449355515
1459,20,RL,70.0,8749,NA,Reg,Lvl,Inside,Gtl,CollgCr,1Fam,1Story,7,5,Gable,VinylSd,BrkFace,100.0,Gd,TA,PConc,Gd,TA,No,Unf,0.0,Unf,0.0,1459.0,1459.0,Ex,1,SBrkr,1459,0,0,0.0,0.0,2,0,3,1,Gd,6,Typ,1,Gd,Attchd,RFn,2.0,527.0,TA,TA,Y,192,39,0,0,0,0,NA,NA,0,9,2007,WD ,Normal,0,0,0,5,5,195513.60046680065
2000,60,RL,74.0,9627,NA,Reg,Lvl,Inside,Mod,Mitchel,1Fam,2Story,7,5,Gable,HdBoard,BrkFace,94.0,TA,TA,PConc,Gd,TA,Av,LwQ,758.0,Unf,0.0,238.0,996.0,Ex,1,SBrkr,996,1004,0,0.0,0.0,2,1,3,1,TA,9,Typ,1,TA,Attchd,Fin,3.0,650.0,TA,TA,Y,190,48,0,0,0,0,NA,NA,0,11,2006,WD ,Normal,0,0,0,13,12,225834.41116430386
1574,20,RL,75.0,11957,NA,IR1,Lvl,Inside,Gtl,Somerst,1Fam,1Story,8,5,Gable,VinylSd,BrkFace,53.0,Gd,TA,PConc,Gd,TA,No,GLQ,24.0,Unf,0.0,1550.0,1574.0,Ex,1,SBrkr,1574,0,0,0.0,0.0,2,0,3,1,Gd,7,Typ,1,Gd,Attchd,RFn,3.0,824.0,TA,TA,Y,144,104,0,0,0,0,NA,NA,0,7,2008,WD ,Normal,1,0,0,2,2,248636.39759849315
1795,60,FV,84.0,10603,NA,Reg,Lvl,Inside,Gtl,Somerst,1Fam,2Story,8,5,Hip,VinylSd,Stone,121.0,Gd,TA,PConc,Ex,Gd,No,GLQ,682.0,Unf,0.0,218.0,900.0,Ex,1,SBrkr,909,886,0,1.0,0.0,2,1,3,1,Gd,8,Typ,1,Gd,Attchd,Fin,3.0,782.0,TA,TA,Y,168,45,0,0,0,0,NA,NA,0,7,2009,WD ,Normal,0,0,0,3,3,264346.96489965817
